등급	영문(Hades)	한글(원작 표에 있는 이름)	부위	그림	Hades 레벨	원작 레벨
확정	Abundance Hy-Brasyl Bracer	풍요의금팔찌	10	248	95	99
확정	Abundance Hy-Brasyl Shield	풍요의금제방패	3	3	77	71
확정	Abundance Iron Bracer	풍요의동팔찌	10	248	33	41
확정	Abundance Leather Shield	풍요의가죽방패	3	5	15	11
확정	Abundance Mythril Bracer	풍요의은팔찌	10	248	63	71
확정	Abundance Mythril Shield	풍요의은제방패	3	2	61	56
확정	Blessed Hy-Brasyl Bracer	축복의금팔찌	10	248	95	99
확정	Blessed Hy-Brasyl Shield	축복의금제방패	3	3	77	71
확정	Blessed Iron Bracer	축복의동팔찌	10	248	33	41
확정	Blessed Leather Shield	축복의가죽방패	3	5	15	11
확정	Blessed Mythril Bracer	축복의은팔찌	10	248	63	71
확정	Blessed Mythril Shield	축복의은제방패	3	2	61	56
확정	Cail Hy-Brasyl Bracer	메투스의금팔찌	10	248	95	99
확정	Cail Hy-Brasyl Shield	메투스의금제방패	3	3	77	71
확정	Cail Iron Bracer	메투스의동팔찌	10	248	33	41
확정	Cail Leather Shield	메투스의가죽방패	3	5	15	11
확정	Cail Mythril Bracer	메투스의은팔찌	10	248	63	71
확정	Cail Mythril Shield	메투스의은제방패	3	2	61	56
확정	Ceannlaidir Hy-Brasyl Bracer	세토아의금팔찌	10	248	95	99
확정	Ceannlaidir Hy-Brasyl Shield	세토아의금제방패	3	3	77	71
확정	Ceannlaidir Iron Bracer	세토아의동팔찌	10	248	33	41
확정	Ceannlaidir Leather Shield	세토아의가죽방패	3	5	15	11
확정	Ceannlaidir Mythril Bracer	세토아의은팔찌	10	248	63	71
확정	Ceannlaidir Mythril Shield	세토아의은제방패	3	2	61	56
확정	Deoch Hy-Brasyl Bracer	세오의금팔찌	10	248	95	99
확정	Deoch Hy-Brasyl Shield	세오의금제방패	3	3	77	71
확정	Deoch Iron Bracer	세오의동팔찌	10	248	33	41
확정	Deoch Leather Shield	세오의가죽방패	3	5	15	11
확정	Deoch Mythril Bracer	세오의은팔찌	10	248	63	71
확정	Deoch Mythril Shield	세오의은제방패	3	2	61	56
확정	Fiosachd Hy-Brasyl Bracer	셔스의금팔찌	10	248	95	99
확정	Fiosachd Hy-Brasyl Shield	셔스의금제방패	3	3	77	71
확정	Fiosachd Iron Bracer	셔스의동팔찌	10	248	33	41
확정	Fiosachd Leather Shield	셔스의가죽방패	3	5	15	11
확정	Fiosachd Mythril Bracer	셔스의은팔찌	10	248	63	71
확정	Fiosachd Mythril Shield	셔스의은제방패	3	2	61	56
확정	Glioca Hy-Brasyl Bracer	이아의금팔찌	10	248	95	99
확정	Glioca Hy-Brasyl Shield	이아의금제방패	3	3	77	71
확정	Glioca Iron Bracer	이아의동팔찌	10	248	33	41
확정	Glioca Leather Shield	이아의가죽방패	3	5	15	11
확정	Glioca Mythril Bracer	이아의은팔찌	10	248	63	71
확정	Glioca Mythril Shield	이아의은제방패	3	2	61	56
확정	Gramail Hy-Brasyl Bracer	칸의금팔찌	10	248	95	99
확정	Gramail Hy-Brasyl Shield	칸의금제방패	3	3	77	71
확정	Gramail Iron Bracer	칸의동팔찌	10	248	33	41
확정	Gramail Leather Shield	칸의가죽방패	3	5	15	11
확정	Gramail Mythril Bracer	칸의은팔찌	10	248	63	71
확정	Gramail Mythril Shield	칸의은제방패	3	2	61	56
확정	Hy-Brasyl Bracer	금팔찌	10	248	95	99
확정	Hy-Brasyl Shield	금제방패	3	3	77	71
확정	Iron Bracer	동팔찌	10	248	33	41
확정	Iron Gauntlet	동장갑	9	33017	33	41
확정	Leather Bracer	가죽팔찌	10	224	9	11
확정	Leather Greaves	가죽각반	12	238	6	11
확정	Leather Shield	가죽방패	3	5	15	11
확정	Luathas Hy-Brasyl Bracer	로오의금팔찌	10	248	95	99
확정	Luathas Hy-Brasyl Shield	로오의금제방패	3	3	77	71
확정	Luathas Iron Bracer	로오의동팔찌	10	248	33	41
확정	Luathas Leather Shield	로오의가죽방패	3	5	15	11
확정	Luathas Mythril Bracer	로오의은팔찌	10	248	63	71
확정	Luathas Mythril Shield	로오의은제방패	3	2	61	56
확정	Magic Hy-Brasyl Bracer	마법의금팔찌	10	248	95	99
확정	Magic Hy-Brasyl Shield	마법의금제방패	3	3	77	71
확정	Magic Iron Bracer	마법의동팔찌	10	248	33	41
확정	Magic Leather Shield	마법의가죽방패	3	5	15	11
확정	Magic Mythril Bracer	마법의은팔찌	10	248	63	71
확정	Magic Mythril Shield	마법의은제방패	3	2	61	56
확정	Might Hy-Brasyl Bracer	체력의금팔찌	10	248	95	99
확정	Might Hy-Brasyl Shield	체력의금제방패	3	3	77	71
확정	Might Iron Bracer	체력의동팔찌	10	248	33	41
확정	Might Leather Shield	체력의가죽방패	3	5	15	11
확정	Might Mythril Bracer	체력의은팔찌	10	248	63	71
확정	Might Mythril Shield	체력의은제방패	3	2	61	56
확정	Mythril Bracer	은팔찌	10	248	63	71
확정	Mythril Shield	은제방패	3	2	61	56
확정	Sgrios Hy-Brasyl Bracer	뮤레칸의금팔찌	10	248	95	99
확정	Sgrios Iron Bracer	뮤레칸의동팔찌	10	248	33	41
확정	Sgrios Leather Shield	뮤레칸의가죽방패	3	5	15	11
확정	Sgrios Mythril Bracer	뮤레칸의은팔찌	10	248	63	71
후보(사람 확인)	Abundance Beryl Ring	풍요의금반지	5	210	9	11
후보(사람 확인)	Abundance Bronze Shield	풍요의구리방패	3	6	31	26
후보(사람 확인)	Abundance Talos Shield	풍요의플라늄방패	3	4	90	86
후보(사람 확인)	Black Stone Ring	바이런의반지	7	1360	99	99
후보(사람 확인)	Blazed Veltain Sword	피닉스크로어	1	69	99	99
후보(사람 확인)	Blessed Beryl Ring	축복의금반지	5	210	9	11
후보(사람 확인)	Blessed Bronze Shield	축복의구리방패	3	6	31	26
후보(사람 확인)	Blessed Talos Shield	축복의플라늄방패	3	4	90	86
후보(사람 확인)	Bronze Shield	구리방패	3	6	31	26
후보(사람 확인)	Cail Beryl Ring	메투스의금반지	5	210	9	11
후보(사람 확인)	Cail Bronze Shield	메투스의구리방패	3	6	31	26
후보(사람 확인)	Cail Talos Shield	메투스의플라늄방패	3	4	90	86
후보(사람 확인)	Carnun Plate	헬나이트아머	2	36	80	99
후보(사람 확인)	Ceannlaidir Beryl Ring	세토아의금반지	5	210	9	11
후보(사람 확인)	Ceannlaidir Bronze Shield	세토아의구리방패	3	6	31	26
후보(사람 확인)	Ceannlaidir Talos Shield	세토아의플라늄방패	3	4	90	86
후보(사람 확인)	Dark Bone Necklace	마기아목걸이	6	201	6	11
후보(사람 확인)	Dark Cleric Brim	듈라한모자	4	211	60	1
후보(사람 확인)	Deoch Beryl Ring	세오의금반지	5	210	9	11
후보(사람 확인)	Deoch Bronze Shield	세오의구리방패	3	6	31	26
후보(사람 확인)	Deoch Talos Shield	세오의플라늄방패	3	4	90	86
후보(사람 확인)	Dragon Scale Sword	피닉스크로어4	1	100	20	99
후보(사람 확인)	Durimis	히야트홀리스태프	1	647	99	99
후보(사람 확인)	Empowered Holy Gnarl	홀리디아나	1	91	99	99
후보(사람 확인)	Empowered Holy Hy-Brasyl Gnarl	이아의빛	1	87	99	99
후보(사람 확인)	Empowered Magus Orb	로오의빛	1	90	99	99
후보(사람 확인)	Enchanted Kalkuri	미스릴배틀핸드	1	117	99	99
후보(사람 확인)	Enchanted Magus Orb	다크디아나	1	94	99	99
후보(사람 확인)	Eppe	에페	1	2	2	1
후보(사람 확인)	Eternal Love Ring	토파즈반지	7	1101	21	99
후보(사람 확인)	Fiosachd Beryl Ring	셔스의금반지	5	210	9	11
후보(사람 확인)	Fiosachd Bronze Shield	셔스의구리방패	3	6	31	26
후보(사람 확인)	Fiosachd Talos Shield	셔스의플라늄방패	3	4	90	86
후보(사람 확인)	Formal Coat	망토	2	30	0	1
후보(사람 확인)	Giant Club	자이언트클럽	1	36	75	86
후보(사람 확인)	Glioca Beryl Ring	이아의금반지	5	210	9	11
후보(사람 확인)	Glioca Bronze Shield	이아의구리방패	3	6	31	26
후보(사람 확인)	Glioca Talos Shield	이아의플라늄방패	3	4	90	86
후보(사람 확인)	Gramail Beryl Ring	칸의금반지	5	210	9	11
후보(사람 확인)	Gramail Bronze Shield	칸의구리방패	3	6	31	26
후보(사람 확인)	Gramail Talgonite Shield	칸의기사단방패	3	8	98	99
후보(사람 확인)	Gramail Talos Shield	칸의플라늄방패	3	4	90	86
후보(사람 확인)	Hatchet	토마호크	1	54	13	11
후보(사람 확인)	Holy Conical	홀리코니칼	4	132	21	11
후보(사람 확인)	Holy Hy-Brasyl Gnarl	이아의은총	1	75	99	99
후보(사람 확인)	Hy-Brasyl Boots	배틀부츠	13	4	1	99
후보(사람 확인)	Kopfloser Mask	듈라한모자	4	207	60	1
후보(사람 확인)	Lich Hood	마법좀비모자	4	209	60	1
후보(사람 확인)	Lich Robe	마법좀비의상	2	208	60	1
후보(사람 확인)	Light Coral Necklace	진주목걸이	6	951	1	11
후보(사람 확인)	Loures Signet Ring	로오의반지	7	207	1	1
후보(사람 확인)	Luathas Beryl Ring	로오의금반지	5	210	9	11
후보(사람 확인)	Luathas Bronze Shield	로오의구리방패	3	6	31	26
후보(사람 확인)	Luathas Talos Shield	로오의플라늄방패	3	4	90	86
후보(사람 확인)	Magic Beryl Ring	마법의금반지	5	210	9	11
후보(사람 확인)	Magic Bronze Shield	마법의구리방패	3	6	31	26
후보(사람 확인)	Magic Talos Shield	마법의플라늄방패	3	4	90	86
후보(사람 확인)	Magus Hy-Brasyl Orb	로오의은총	1	78	99	99
후보(사람 확인)	Marauder Hide	헬씨프아머	2	37	80	99
후보(사람 확인)	Marauder Mask	헬씨프투구	4	128	80	99
후보(사람 확인)	Might Beryl Ring	체력의금반지	5	210	9	11
후보(사람 확인)	Might Bronze Shield	체력의구리방패	3	6	31	26
후보(사람 확인)	Might Talos Shield	체력의플라늄방패	3	4	90	86
후보(사람 확인)	Mythril Boots	미스릴부츠	13	5	1	99
후보(사람 확인)	Obsidian	하이브레이질배틀핸드	1	101	50	99
후보(사람 확인)	Reiter Mail	듈라한의상	2	206	60	1
후보(사람 확인)	Sgrios Beryl Ring	뮤레칸의금반지	5	210	9	11
후보(사람 확인)	Sgrios Bronze Shield	뮤레칸의구리방패	3	6	31	26
후보(사람 확인)	Shovel	삽	1	84	41	1
후보(사람 확인)	Small Emerald Ring	사파이어반지	7	213	1	11
후보(사람 확인)	Spiked Club	스파이크클럽	1	35	66	71
후보(사람 확인)	Stone Axe	스톤액스	1	42	95	99
후보(사람 확인)	Stone Cross	다크클레릭십자가	1	81	98	11
후보(사람 확인)	Sun Dagger	곡단도	1	46	30	99
후보(사람 확인)	Talgonite Axe	타고나이트액스	1	53	81	11
후보(사람 확인)	Talgonite Shield	기사단방패	3	8	98	99
후보(사람 확인)	Talos Shield	플라늄방패	3	4	90	86
후보(사람 확인)	Tilian Claw	용의발톱	1	86	50	99
후보(사람 확인)	Training Staff	홀리머큐리아	1	8	1	11
후보(사람 확인)	White Tuxedo	턱시도	2	31	0	1
후보(사람 확인)	Wooden Club	우든클럽	1	34	50	56
