영문이름	파일	그림	장비칸	요구레벨	한글짝	짝상태	한글템플릿있음	쓰이는곳	분류
K4	K4.json	44903	1	1		없음		없음	안씀
Luathas Bronze Shield	Luathas_Bronze_Shield.json	32957	3	31		후보		없음	안씀
Luathas Coral Earrings	Luathas_Coral_Earrings.json	33002	5	8		없음		없음	안씀
Shagreen Boots	Shagreen_Boots.json	32882	13	33		없음		없음	안씀
Apple	apple.json	32808	0	1		없음		월드1	쓰임-한글없음
Blouse	blouse.json	32883	2	1		없음		스크립트1	쓰임-한글없음
Gramail Prayer Necklace	gramail prayer necklace.json	32835	6	1		없음		월드1	쓰임-한글없음
Shirt	shirt.json	32864	2	1		없음		스크립트1	쓰임-한글없음
Spider's Eye	spider's eye.json	33103	0	1		없음		드랍1	쓰임-한글없음
