# 팩 맵 → Hades 전역 번호. 신원은 (출처, 이름, 맵파일) 이고 팩 번호는 쓰지 않는다.
# 1~99999 는 Hades 것이라 100000 부터 매긴다.
# 이름이 겹치는 맵은 서버 이름 자체를 번호로 갈랐다 — 서버가 Name 으로 파일을 쓰기 때문이다.
# 칸: 출처 / 팩이름 / 새번호 / 맵파일 / 서버이름

maps/NovaShip/NovaShip.txt	블팜함선	100000	db/maps/default/maps/lod6542.map	블팜함선
maps/NovaShip/NovaShip.txt	블팜함선내부	100001	db/maps/default/maps/lod6543.map	블팜함선내부
maps/NovaShip/NovaShip.txt	블팜함선선실1	100002	db/maps/default/maps/lod6547.map	블팜함선선실1
maps/NovaShip/NovaShip.txt	블팜함선선실2	100003	db/maps/default/maps/lod6548.map	블팜함선선실2
maps/NovaShip/NovaShip.txt	블팜함선선실3	100004	db/maps/default/maps/lod6550.map	블팜함선선실3
maps/NovaShip/NovaShip.txt	블팜함선선실4	100005	db/maps/default/maps/lod6551.map	블팜함선선실4
maps/NovaShip/NovaShip.txt	블팜함선선실5	100006	db/maps/default/maps/lod6544.map	블팜함선선실5
maps/NovaShip/NovaShip.txt	블팜함선선실6	100007	db/maps/default/maps/lod6545.map	블팜함선선실6
maps/NovaShip/NovaShip.txt	블팜함선선실7	100008	db/maps/default/maps/lod6546.map	블팜함선선실7
maps/NovaShip/NovaShip.txt	블팜함선선실8	100009	db/maps/default/maps/lod6552.map	블팜함선선실8
maps/NovaShip/NovaShip.txt	블팜함선선장실	100010	db/maps/default/maps/lod6549.map	블팜함선선장실
maps/PK/PK.txt	1차승급PK	100011	db/maps/PK/maps/lod0002.map	1차승급PK
maps/PK/PK.txt	2차승급PK	100012	db/maps/PK/maps/lod0002.map	2차승급PK
maps/PK/PK.txt	비승급PK	100013	db/maps/PK/maps/lod0002.map	비승급PK
maps/PK/PK.txt	서바이벌아레나링	100014	db/maps/PK/maps/lod0002.map	서바이벌아레나링
maps/WoodLand/WoodLand.txt	우드랜드1-1	100015	db/maps/WoodLand/maps/lod687.map	우드랜드1-1
maps/WoodLand/WoodLand.txt	우드랜드1-2	100016	db/maps/WoodLand/maps/lod686.map	우드랜드1-2
maps/WoodLand/WoodLand.txt	우드랜드1-3	100017	db/maps/WoodLand/maps/lod723.map	우드랜드1-3
maps/WoodLand/WoodLand.txt	우드랜드10-1	100018	db/maps/WoodLand/maps/lod712.map	우드랜드10-1
maps/WoodLand/WoodLand.txt	우드랜드11-1	100019	db/maps/WoodLand/maps/lod706.map	우드랜드11-1
maps/WoodLand/WoodLand.txt	우드랜드14-1	100020	db/maps/WoodLand/maps/lod703.map	우드랜드14-1
maps/WoodLand/WoodLand.txt	우드랜드14-1(진)	100021	db/maps/WoodLand/maps/lod716.map	우드랜드14-1(진)
maps/WoodLand/WoodLand.txt	우드랜드2-1	100022	db/maps/WoodLand/maps/lod722.map	우드랜드2-1
maps/WoodLand/WoodLand.txt	우드랜드3-1	100023	db/maps/WoodLand/maps/lod701.map	우드랜드3-1
maps/WoodLand/WoodLand.txt	우드랜드4-1	100024	db/maps/WoodLand/maps/lod702.map	우드랜드4-1
maps/WoodLand/WoodLand.txt	우드랜드5-1	100025	db/maps/WoodLand/maps/lod703.map	우드랜드5-1
maps/WoodLand/WoodLand.txt	우드랜드6-1	100026	db/maps/WoodLand/maps/lod703.map	우드랜드6-1
maps/WoodLand/WoodLand.txt	우드랜드6-1(진)	100027	db/maps/WoodLand/maps/lod704.map	우드랜드6-1(진)
maps/WoodLand/WoodLand.txt	우드랜드입구	100028	db/maps/WoodLand/maps/lod700.map	우드랜드입구
maps/abel/abel.txt	아벨기술사범의집	100029	db/maps/abel/maps/lod164.map	아벨기술사범의집
maps/abel/abel.txt	아벨마을	100030	db/maps/abel/maps/lod502.map	아벨마을
maps/abel/abel.txt	아벨무기점	100031	db/maps/abel/maps/lod132.map	아벨무기점
maps/abel/abel.txt	아벨방어구점	100032	db/maps/abel/maps/lod133.map	아벨방어구점
maps/abel/abel.txt	아벨성	100033	db/maps/default/maps/lod598.map	아벨성
maps/abel/abel.txt	아벨성메인홀	100034	db/maps/default/maps/lod119.map	아벨성메인홀
maps/abel/abel.txt	아벨성복도	100035	db/maps/default/maps/lod126.map	아벨성복도
maps/abel/abel.txt	아벨성식당	100036	db/maps/default/maps/lod120.map	아벨성식당
maps/abel/abel.txt	아벨알현실	100037	db/maps/default/maps/lod115.map	아벨알현실
maps/abel/abel.txt	아벨여관	100038	db/maps/abel/maps/lod136.map	아벨여관
maps/abel/abel.txt	아벨은행	100039	db/maps/abel/maps/lod1968.map	아벨은행
maps/abel/abel.txt	아벨음식점	100040	db/maps/mileth/maps/lod129.map	아벨음식점
maps/abel/abel.txt	아벨주점	100041	db/maps/mileth/maps/lod134.map	아벨주점
maps/abel/abel.txt	아벨퀘스트상점	100042	db/maps/abel/maps/lod164.map	아벨퀘스트상점
maps/abel/abel.txt	아벨특수스킬의집	100043	db/maps/abel/maps/lod164.map	아벨특수스킬의집
maps/abelfield/abelfield.txt	아벨필드	100044	db/maps/abelfield/maps/lod502.map	아벨필드
maps/default/default.txt	OX퀴즈장	100045	db/maps/default/maps/lod1701.map	OX퀴즈장
maps/default/default.txt	가상계	100046	db/maps/default/maps/lod1200.map	가상계
maps/default/default.txt	가상계1	100047	db/maps/default/maps/lod403.map	가상계1
maps/default/default.txt	가상계A	100048	db/maps/default/maps/lod1201.map	가상계A
maps/default/default.txt	감옥	100049	db/maps/default/maps/lod4201.map	감옥
maps/default/default.txt	개미굴1층	100050	db/maps/default/maps/lod253.map	개미굴1층
maps/default/default.txt	개미굴2층	100051	db/maps/default/maps/lod252.map	개미굴2층
maps/default/default.txt	개미굴3층	100052	db/maps/default/maps/lod250.map	개미굴3층
maps/default/default.txt	개미굴4층	100053	db/maps/default/maps/lod253.map	개미굴4층
maps/default/default.txt	개미굴대기실	100054	db/maps/default/maps/lod185.map	개미굴대기실
maps/default/default.txt	격수사범의집	100055	db/maps/default/maps/lod1242.map	격수사범의집
maps/default/default.txt	결계보스방	100056	db/maps/default/maps/lod7005.map	결계보스방
maps/default/default.txt	광산11층	100057	db/maps/default/maps/lod2114.map	광산11층
maps/default/default.txt	광산12층	100058	db/maps/default/maps/lod2119.map	광산12층
maps/default/default.txt	광산13층	100059	db/maps/default/maps/lod2120.map	광산13층
maps/default/default.txt	광산14층	100060	db/maps/default/maps/lod2121.map	광산14층
maps/default/default.txt	광산15층	100061	db/maps/default/maps/lod2130.map	광산15층
maps/default/default.txt	광산16층	100062	db/maps/default/maps/lod2137.map	광산16층
maps/default/default.txt	광산1층	100063	db/maps/default/maps/lod2102.map	광산1층
maps/default/default.txt	광산2층	100064	db/maps/default/maps/lod2103.map	광산2층
maps/default/default.txt	광산3층	100065	db/maps/default/maps/lod2104.map	광산3층
maps/default/default.txt	광산4층	100066	db/maps/default/maps/lod2105.map	광산4층
maps/default/default.txt	광산5층	100067	db/maps/default/maps/lod2106.map	광산5층
maps/default/default.txt	광산6층	100068	db/maps/default/maps/lod2112.map	광산6층
maps/default/default.txt	광산7층	100069	db/maps/default/maps/lod2107.map	광산7층
maps/default/default.txt	광산대기실	100070	db/maps/default/maps/lod2101.map	광산대기실
maps/default/default.txt	기초1	100071	db/maps/default/maps/lod1240.map	기초1
maps/default/default.txt	기초2	100072	db/maps/default/maps/lod1241.map	기초2
maps/default/default.txt	기초3	100073	db/maps/default/maps/lod1242.map	기초3
maps/default/default.txt	기초4	100074	db/maps/default/maps/lod1247.map	기초4
maps/default/default.txt	노바고급의류점	100075	db/maps/default/maps/lod2652.map	노바고급의류점
maps/default/default.txt	노바마을	100076	db/maps/default/maps/lod3208.map	노바마을
maps/default/default.txt	노바무기점	100077	db/maps/default/maps/lod2649.map	노바무기점
maps/default/default.txt	노바미용실	100078	db/maps/default/maps/lod2651.map	노바미용실
maps/default/default.txt	노바방어구점	100079	db/maps/default/maps/lod2650.map	노바방어구점
maps/default/default.txt	노바성인용품점	100080	db/maps/default/maps/lod2652.map	노바성인용품점
maps/default/default.txt	노바의집	100081	db/maps/default/maps/lod994.map	노바의집
maps/default/default.txt	노바펫상점	100082	db/maps/default/maps/lod2652.map	노바펫상점
maps/default/default.txt	노비스1	100083	db/maps/default/maps/lod6700.map	노비스1
maps/default/default.txt	노비스던전1	100084	db/maps/default/maps/lod6703.map	노비스던전1
maps/default/default.txt	노비스사냥터1	100085	db/maps/default/maps/lod6701.map	노비스사냥터1
maps/default/default.txt	노비스상점1	100086	db/maps/default/maps/lod2652.map	노비스상점1
maps/default/default.txt	노엠마을	100087	db/maps/default/maps/lod10055.map	노엠마을
maps/default/default.txt	노엠여관	100088	db/maps/default/maps/lod10056.map	노엠여관
maps/default/default.txt	대장장이신전	100089	db/maps/default/maps/lod1201.map	대장장이신전
maps/default/default.txt	던전보스방	100090	db/maps/default/maps/lod3031.map	던전보스방
maps/default/default.txt	도가사범의집	100091	db/maps/default/maps/lod1242.map	도가사범의집
maps/default/default.txt	도적사범의집	100092	db/maps/default/maps/lod1242.map	도적사범의집
maps/default/default.txt	레드오피온의굴 10층	100093	db/maps/default/maps/lod4310.map	레드오피온의굴 10층
maps/default/default.txt	레드오피온의굴 11층	100094	db/maps/default/maps/lod4311.map	레드오피온의굴 11층
maps/default/default.txt	레드오피온의굴 12층	100095	db/maps/default/maps/lod4312.map	레드오피온의굴 12층
maps/default/default.txt	레드오피온의굴 13층	100096	db/maps/default/maps/lod4322.map	레드오피온의굴 13층
maps/default/default.txt	레드오피온의굴 14층	100097	db/maps/default/maps/lod4323.map	레드오피온의굴 14층
maps/default/default.txt	레드오피온의굴 15층	100098	db/maps/default/maps/lod4324.map	레드오피온의굴 15층
maps/default/default.txt	레드오피온의굴 16층	100099	db/maps/default/maps/lod4326.map	레드오피온의굴 16층
maps/default/default.txt	레드오피온의굴 17층	100100	db/maps/default/maps/lod4327.map	레드오피온의굴 17층
maps/default/default.txt	레드오피온의굴 18층	100101	db/maps/default/maps/lod4328.map	레드오피온의굴 18층
maps/default/default.txt	레드오피온의굴 19층	100102	db/maps/default/maps/lod4329.map	레드오피온의굴 19층
maps/default/default.txt	레드오피온의굴 1층	100103	db/maps/default/maps/lod4301.map	레드오피온의굴 1층
maps/default/default.txt	레드오피온의굴 20층	100104	db/maps/default/maps/lod4330.map	레드오피온의굴 20층
maps/default/default.txt	레드오피온의굴 21층	100105	db/maps/default/maps/lod4331.map	레드오피온의굴 21층
maps/default/default.txt	레드오피온의굴 22층	100106	db/maps/default/maps/lod4332.map	레드오피온의굴 22층
maps/default/default.txt	레드오피온의굴 2층	100107	db/maps/default/maps/lod4302.map	레드오피온의굴 2층
maps/default/default.txt	레드오피온의굴 3층	100108	db/maps/default/maps/lod4303.map	레드오피온의굴 3층
maps/default/default.txt	레드오피온의굴 4층	100109	db/maps/default/maps/lod4304.map	레드오피온의굴 4층
maps/default/default.txt	레드오피온의굴 5층	100110	db/maps/default/maps/lod4305.map	레드오피온의굴 5층
maps/default/default.txt	레드오피온의굴 6층	100111	db/maps/default/maps/lod4306.map	레드오피온의굴 6층
maps/default/default.txt	레드오피온의굴 7층	100112	db/maps/default/maps/lod4307.map	레드오피온의굴 7층
maps/default/default.txt	레드오피온의굴 8층	100113	db/maps/default/maps/lod4308.map	레드오피온의굴 8층
maps/default/default.txt	레드오피온의굴 9층	100114	db/maps/default/maps/lod4309.map	레드오피온의굴 9층
maps/default/default.txt	루그방	100115	db/maps/default/maps/lod4012.map	루그방
maps/default/default.txt	룸	100116	db/maps/default/maps/lod1200.map	룸
maps/default/default.txt	리파이너의던전11층	100117	db/maps/default/maps/lod2114.map	리파이너의던전11층
maps/default/default.txt	리파이너의던전12층	100118	db/maps/default/maps/lod2119.map	리파이너의던전12층
maps/default/default.txt	리파이너의던전13층	100119	db/maps/default/maps/lod2120.map	리파이너의던전13층
maps/default/default.txt	리파이너의던전14층	100120	db/maps/default/maps/lod2121.map	리파이너의던전14층
maps/default/default.txt	리파이너의던전15층	100121	db/maps/default/maps/lod2130.map	리파이너의던전15층
maps/default/default.txt	리파이너의던전16층	100122	db/maps/default/maps/lod2137.map	리파이너의던전16층
maps/default/default.txt	리파이너의던전1층	100123	db/maps/default/maps/lod2102.map	리파이너의던전1층
maps/default/default.txt	리파이너의던전2층	100124	db/maps/default/maps/lod2103.map	리파이너의던전2층
maps/default/default.txt	리파이너의던전3층	100125	db/maps/default/maps/lod2104.map	리파이너의던전3층
maps/default/default.txt	리파이너의던전4층	100126	db/maps/default/maps/lod2105.map	리파이너의던전4층
maps/default/default.txt	리파이너의던전5층	100127	db/maps/default/maps/lod2106.map	리파이너의던전5층
maps/default/default.txt	리파이너의던전6층	100128	db/maps/default/maps/lod2112.map	리파이너의던전6층
maps/default/default.txt	리파이너의던전7층	100129	db/maps/default/maps/lod2107.map	리파이너의던전7층
maps/default/default.txt	리파이너의던전대기실	100130	db/maps/default/maps/lod2101.map	리파이너의던전대기실
maps/default/default.txt	리파이너의작업실	100131	db/maps/default/maps/lod1201.map	리파이너의작업실
maps/default/default.txt	리파이너의함정1	100132	db/maps/default/maps/lod3001.map	리파이너의함정1
maps/default/default.txt	리파이너의함정2	100133	db/maps/default/maps/lod3002.map	리파이너의함정2
maps/default/default.txt	리파이너의함정3	100134	db/maps/default/maps/lod3003.map	리파이너의함정3
maps/default/default.txt	리파이너의함정4	100135	db/maps/default/maps/lod3005.map	리파이너의함정4
maps/default/default.txt	마족의성	100136	db/maps/default/maps/lod465.map	마족의성
maps/default/default.txt	메인홀	100137	db/maps/default/maps/lod119.map	메인홀
maps/default/default.txt	뮤레칸의방	100138	db/maps/default/maps/lod465.map	뮤레칸의방
maps/default/default.txt	미용실	100139	db/maps/default/maps/lod2651.map	미용실
maps/default/default.txt	미용실2	100140	db/maps/default/maps/lod2651.map	미용실2
maps/default/default.txt	미팅룸	100141	db/maps/default/maps/lod3255.map	미팅룸
maps/default/default.txt	법사사범의집	100142	db/maps/default/maps/lod1242.map	법사사범의집
maps/default/default.txt	복도	100143	db/maps/default/maps/lod126.map	복도
maps/default/default.txt	브론즈오피온의굴 10층	100144	db/maps/default/maps/lod4310.map	브론즈오피온의굴 10층
maps/default/default.txt	브론즈오피온의굴 11층	100145	db/maps/default/maps/lod4311.map	브론즈오피온의굴 11층
maps/default/default.txt	브론즈오피온의굴 12층	100146	db/maps/default/maps/lod4312.map	브론즈오피온의굴 12층
maps/default/default.txt	브론즈오피온의굴 13층	100147	db/maps/default/maps/lod4322.map	브론즈오피온의굴 13층
maps/default/default.txt	브론즈오피온의굴 14층	100148	db/maps/default/maps/lod4323.map	브론즈오피온의굴 14층
maps/default/default.txt	브론즈오피온의굴 15층	100149	db/maps/default/maps/lod4324.map	브론즈오피온의굴 15층
maps/default/default.txt	브론즈오피온의굴 16층	100150	db/maps/default/maps/lod4326.map	브론즈오피온의굴 16층
maps/default/default.txt	브론즈오피온의굴 17층	100151	db/maps/default/maps/lod4327.map	브론즈오피온의굴 17층
maps/default/default.txt	브론즈오피온의굴 18층	100152	db/maps/default/maps/lod4328.map	브론즈오피온의굴 18층
maps/default/default.txt	브론즈오피온의굴 19층	100153	db/maps/default/maps/lod4329.map	브론즈오피온의굴 19층
maps/default/default.txt	브론즈오피온의굴 1층	100154	db/maps/default/maps/lod4301.map	브론즈오피온의굴 1층
maps/default/default.txt	브론즈오피온의굴 20층	100155	db/maps/default/maps/lod4330.map	브론즈오피온의굴 20층
maps/default/default.txt	브론즈오피온의굴 21층	100156	db/maps/default/maps/lod4331.map	브론즈오피온의굴 21층
maps/default/default.txt	브론즈오피온의굴 22층	100157	db/maps/default/maps/lod4332.map	브론즈오피온의굴 22층
maps/default/default.txt	브론즈오피온의굴 2층	100158	db/maps/default/maps/lod4302.map	브론즈오피온의굴 2층
maps/default/default.txt	브론즈오피온의굴 3층	100159	db/maps/default/maps/lod4303.map	브론즈오피온의굴 3층
maps/default/default.txt	브론즈오피온의굴 4층	100160	db/maps/default/maps/lod4304.map	브론즈오피온의굴 4층
maps/default/default.txt	브론즈오피온의굴 5층	100161	db/maps/default/maps/lod4305.map	브론즈오피온의굴 5층
maps/default/default.txt	브론즈오피온의굴 6층	100162	db/maps/default/maps/lod4306.map	브론즈오피온의굴 6층
maps/default/default.txt	브론즈오피온의굴 7층	100163	db/maps/default/maps/lod4307.map	브론즈오피온의굴 7층
maps/default/default.txt	브론즈오피온의굴 8층	100164	db/maps/default/maps/lod4308.map	브론즈오피온의굴 8층
maps/default/default.txt	브론즈오피온의굴 9층	100165	db/maps/default/maps/lod4309.map	브론즈오피온의굴 9층
maps/default/default.txt	블랙오피온의굴29층	100166	db/maps/default/maps/lod3690.map	블랙오피온의굴29층
maps/default/default.txt	블랙오피온의굴30층	100167	db/maps/default/maps/lod3691.map	블랙오피온의굴30층
maps/default/default.txt	블루오피온의굴 10층	100168	db/maps/default/maps/lod4310.map	블루오피온의굴 10층
maps/default/default.txt	블루오피온의굴 11층	100169	db/maps/default/maps/lod4311.map	블루오피온의굴 11층
maps/default/default.txt	블루오피온의굴 12층	100170	db/maps/default/maps/lod4312.map	블루오피온의굴 12층
maps/default/default.txt	블루오피온의굴 13층	100171	db/maps/default/maps/lod4322.map	블루오피온의굴 13층
maps/default/default.txt	블루오피온의굴 14층	100172	db/maps/default/maps/lod4323.map	블루오피온의굴 14층
maps/default/default.txt	블루오피온의굴 15층	100173	db/maps/default/maps/lod4324.map	블루오피온의굴 15층
maps/default/default.txt	블루오피온의굴 16층	100174	db/maps/default/maps/lod4326.map	블루오피온의굴 16층
maps/default/default.txt	블루오피온의굴 17층	100175	db/maps/default/maps/lod4327.map	블루오피온의굴 17층
maps/default/default.txt	블루오피온의굴 18층	100176	db/maps/default/maps/lod4328.map	블루오피온의굴 18층
maps/default/default.txt	블루오피온의굴 19층	100177	db/maps/default/maps/lod4329.map	블루오피온의굴 19층
maps/default/default.txt	블루오피온의굴 1층	100178	db/maps/default/maps/lod4301.map	블루오피온의굴 1층
maps/default/default.txt	블루오피온의굴 20층	100179	db/maps/default/maps/lod4330.map	블루오피온의굴 20층
maps/default/default.txt	블루오피온의굴 21층	100180	db/maps/default/maps/lod4331.map	블루오피온의굴 21층
maps/default/default.txt	블루오피온의굴 22층	100181	db/maps/default/maps/lod4332.map	블루오피온의굴 22층
maps/default/default.txt	블루오피온의굴 2층	100182	db/maps/default/maps/lod4302.map	블루오피온의굴 2층
maps/default/default.txt	블루오피온의굴 3층	100183	db/maps/default/maps/lod4303.map	블루오피온의굴 3층
maps/default/default.txt	블루오피온의굴 4층	100184	db/maps/default/maps/lod4304.map	블루오피온의굴 4층
maps/default/default.txt	블루오피온의굴 5층	100185	db/maps/default/maps/lod4305.map	블루오피온의굴 5층
maps/default/default.txt	블루오피온의굴 6층	100186	db/maps/default/maps/lod4306.map	블루오피온의굴 6층
maps/default/default.txt	블루오피온의굴 7층	100187	db/maps/default/maps/lod4307.map	블루오피온의굴 7층
maps/default/default.txt	블루오피온의굴 8층	100188	db/maps/default/maps/lod4308.map	블루오피온의굴 8층
maps/default/default.txt	블루오피온의굴 9층	100189	db/maps/default/maps/lod4309.map	블루오피온의굴 9층
maps/default/default.txt	비격수사범의집	100190	db/maps/default/maps/lod1243.map	비격수사범의집
maps/default/default.txt	사냥터워프	100191	db/maps/default/maps/lod3251.map	사냥터워프
maps/default/default.txt	세오의신전	100192	db/maps/default/maps/lod1201.map	세오의신전
maps/default/default.txt	세토아의신전	100193	db/maps/default/maps/lod1201.map	세토아의신전
maps/default/default.txt	숲오솔길	100194	db/maps/default/maps/lod4612.map	숲오솔길
maps/default/default.txt	숲오솔길대기실	100195	db/maps/default/maps/lod4613.map	숲오솔길대기실
maps/default/default.txt	쉼터	100196	db/maps/default/maps/lod3815.map	쉼터
maps/default/default.txt	승급던전 1층	100197	db/maps/default/maps/lod3032.map	승급던전 1층
maps/default/default.txt	승급던전 2층	100198	db/maps/default/maps/lod3047.map	승급던전 2층
maps/default/default.txt	승급던전 3층	100199	db/maps/default/maps/lod3048.map	승급던전 3층
maps/default/default.txt	승급던전 4층	100200	db/maps/default/maps/lod3049.map	승급던전 4층
maps/default/default.txt	승급던전 5다리	100201	db/maps/default/maps/lod3050.map	승급던전 5다리
maps/default/default.txt	승급던전 5층	100202	db/maps/default/maps/lod3051.map	승급던전 5층
maps/default/default.txt	승급던전 6층	100203	db/maps/default/maps/lod3053.map	승급던전 6층
maps/default/default.txt	승급던전 7층	100204	db/maps/default/maps/lod3054.map	승급던전 7층
maps/default/default.txt	승급던전 8층	100205	db/maps/default/maps/lod3055.map	승급던전 8층
maps/default/default.txt	승급던전대기실	100206	db/maps/default/maps/lod3031.map	승급던전대기실
maps/default/default.txt	승급사냥터대기실	100207	db/maps/default/maps/lod3251.map	승급사냥터대기실
maps/default/default.txt	승급신전2	100208	db/maps/default/maps/lod1201.map	승급신전2
maps/default/default.txt	승급의공간	100209	db/maps/default/maps/lod20008.map	승급의공간
maps/default/default.txt	승급의공간(도적)	100210	db/maps/default/maps/lod20008.map	승급의공간(도적)
maps/default/default.txt	승급의공간(마법사)	100211	db/maps/default/maps/lod20008.map	승급의공간(마법사)
maps/default/default.txt	승급의공간(무도가)	100212	db/maps/default/maps/lod20008.map	승급의공간(무도가)
maps/default/default.txt	승급의공간(성직자)	100213	db/maps/default/maps/lod20008.map	승급의공간(성직자)
maps/default/default.txt	승급의공간(전사)	100214	db/maps/default/maps/lod20008.map	승급의공간(전사)
maps/default/default.txt	시작의방	100215	db/maps/default/maps/lod1200.map	시작의방
maps/default/default.txt	식당	100216	db/maps/default/maps/lod120.map	식당
maps/default/default.txt	아이스월드	100217	db/maps/default/maps/lod2035.map	아이스월드
maps/default/default.txt	악마성	100218	db/maps/default/maps/lod598.map	악마성
maps/default/default.txt	알현실	100219	db/maps/default/maps/lod115.map	알현실
maps/default/default.txt	연습장	100220	db/maps/default/maps/lod1956.map	연습장-100220
maps/default/default.txt	왕실상점	100221	db/maps/default/maps/lod111.map	왕실상점
maps/default/default.txt	용병대기실	100222	db/maps/default/maps/lod2651.map	용병대기실
maps/default/default.txt	운영자의공간	100223	db/maps/default/maps/lod20008.map	운영자의공간
maps/default/default.txt	이아네집	100224	db/maps/default/maps/lod3251.map	이아네집
maps/default/default.txt	이아의숲	100225	db/maps/default/maps/lod6614.map	이아의숲
maps/default/default.txt	이아의신전	100226	db/maps/default/maps/lod20006.map	이아의신전
maps/default/default.txt	전직선택의장	100227	db/maps/default/maps/lod20007.map	전직선택의장
maps/default/default.txt	전직신전2	100228	db/maps/default/maps/lod1201.map	전직신전2
maps/default/default.txt	제조의신전	100229	db/maps/default/maps/lod1201.map	제조의신전
maps/default/default.txt	죽대	100230	db/maps/default/maps/lod2050.map	죽대
maps/default/default.txt	죽마	100231	db/maps/default/maps/lod2046.map	죽마
maps/default/default.txt	죽마2	100232	db/maps/default/maps/lod2047.map	죽마2
maps/default/default.txt	죽마3	100233	db/maps/default/maps/lod2048.map	죽마3
maps/default/default.txt	죽마4	100234	db/maps/default/maps/lod2049.map	죽마4
maps/default/default.txt	지하묘지10층	100235	db/maps/default/maps/lod10.map	지하묘지10층
maps/default/default.txt	지하묘지12층	100236	db/maps/default/maps/lod12.map	지하묘지12층
maps/default/default.txt	지하묘지14층	100237	db/maps/default/maps/lod14.map	지하묘지14층
maps/default/default.txt	지하묘지16층	100238	db/maps/default/maps/lod16.map	지하묘지16층
maps/default/default.txt	지하묘지18층	100239	db/maps/default/maps/lod18.map	지하묘지18층
maps/default/default.txt	지하묘지1층	100240	db/maps/default/maps/lod1.map	지하묘지1층
maps/default/default.txt	지하묘지20층	100241	db/maps/default/maps/lod20.map	지하묘지20층
maps/default/default.txt	지하묘지25층	100242	db/maps/default/maps/lod25.map	지하묘지25층
maps/default/default.txt	지하묘지2층	100243	db/maps/default/maps/lod2.map	지하묘지2층
maps/default/default.txt	지하묘지30층	100244	db/maps/default/maps/lod30.map	지하묘지30층
maps/default/default.txt	지하묘지3층	100245	db/maps/default/maps/lod3.map	지하묘지3층
maps/default/default.txt	지하묘지6층	100246	db/maps/default/maps/lod6.map	지하묘지6층
maps/default/default.txt	지하묘지8층	100247	db/maps/default/maps/lod8.map	지하묘지8층
maps/default/default.txt	지하묘지대기실	100248	db/maps/default/maps/lod2500.map	지하묘지대기실
maps/default/default.txt	직업선택의장	100249	db/maps/default/maps/lod20006.map	직업선택의장
maps/default/default.txt	직자사범의집	100250	db/maps/default/maps/lod1242.map	직자사범의집
maps/default/default.txt	천족의성	100251	db/maps/default/maps/lod108.map	천족의성
maps/default/default.txt	체마신전	100252	db/maps/default/maps/lod1201.map	체마신전
maps/default/default.txt	축구장	100253	db/maps/default/maps/lod4110.map	축구장
maps/default/default.txt	축구장사냥터1	100254	db/maps/default/maps/lod4112.map	축구장사냥터1
maps/default/default.txt	축구장사냥터2	100255	db/maps/default/maps/lod4113.map	축구장사냥터2
maps/default/default.txt	축구장사냥터3	100256	db/maps/default/maps/lod4114.map	축구장사냥터3
maps/default/default.txt	축구장사냥터4	100257	db/maps/default/maps/lod4115.map	축구장사냥터4
maps/default/default.txt	축구장사냥터5	100258	db/maps/default/maps/lod4116.map	축구장사냥터5
maps/default/default.txt	축구장야배	100259	db/maps/default/maps/lod4110.map	축구장야배
maps/default/default.txt	콜로세움1	100260	db/maps/default/maps/lod1001.map	콜로세움1
maps/default/default.txt	퀘스트방	100261	db/maps/default/maps/lod15056.map	퀘스트방
maps/default/default.txt	포인트신전	100262	db/maps/default/maps/lod1201.map	포인트신전
maps/default/default.txt	포테의숲1존	100263	db/maps/default/maps/lod6613.map	포테의숲1존
maps/default/default.txt	포테의숲2존	100264	db/maps/default/maps/lod6614.map	포테의숲2존
maps/default/default.txt	포테의숲3존	100265	db/maps/default/maps/lod6617.map	포테의숲3존
maps/default/default.txt	포테의숲4존	100266	db/maps/default/maps/lod6618.map	포테의숲4존
maps/default/default.txt	포테의숲5존	100267	db/maps/default/maps/lod6619.map	포테의숲5존
maps/default/default.txt	포테의숲6존	100268	db/maps/default/maps/lod6620.map	포테의숲6존
maps/default/default.txt	포테의숲보스존	100269	db/maps/default/maps/lod4615.map	포테의숲보스존
maps/default/default.txt	하데스	100270	db/maps/default/maps/lod7012.map	하데스
maps/default/default.txt	하데스네집	100271	db/maps/default/maps/lod3251.map	하데스네집
maps/default/default.txt	합성의신전	100272	db/maps/default/maps/lod1201.map	합성의신전
maps/default/default.txt	해안가 1	100273	db/maps/default/maps/lod3710.map	해안가 1
maps/default/default.txt	해안가 2	100274	db/maps/default/maps/lod3712.map	해안가 2
maps/default/default.txt	해안가 3	100275	db/maps/default/maps/lod3713.map	해안가 3
maps/default/default.txt	해안가 4	100276	db/maps/default/maps/lod3714.map	해안가 4
maps/default/default.txt	해안가 5	100277	db/maps/default/maps/lod3716.map	해안가 5
maps/default/default.txt	해안가 6	100278	db/maps/default/maps/lod3717.map	해안가 6
maps/default/default.txt	해안가 7	100279	db/maps/default/maps/lod3719.map	해안가 7
maps/default/default.txt	해안가 8	100280	db/maps/default/maps/lod3720.map	해안가 8
maps/default/default.txt	혼돈의탑보상의방	100281	db/maps/default/maps/lod20008.map	혼돈의탑보상의방
maps/default/default.txt	홀리루딘성	100282	db/maps/default/maps/lod667.map	홀리루딘성
maps/hoyen/hoyen.txt	호엔마을	100283	db/maps/hoyen/maps/lod504.map	호엔마을
maps/mileth/mileth.txt	로오신전	100284	db/maps/mileth/maps/lod212.map	로오신전
maps/mileth/mileth.txt	밀레스교회	100285	db/maps/mileth/maps/lod137.map	밀레스교회
maps/mileth/mileth.txt	밀레스리콜상점	100286	db/maps/mileth/maps/lod130.map	밀레스리콜상점
maps/mileth/mileth.txt	밀레스마을	100287	db/maps/mileth/maps/lod500.map	밀레스마을
maps/mileth/mileth.txt	밀레스무기점	100288	db/maps/mileth/maps/lod132.map	밀레스무기점
maps/mileth/mileth.txt	밀레스방어구점	100289	db/maps/mileth/maps/lod133.map	밀레스방어구점
maps/mileth/mileth.txt	밀레스시약상점	100290	db/maps/mileth/maps/lod127.map	밀레스시약상점
maps/mileth/mileth.txt	밀레스신전	100291	db/maps/mileth/maps/lod393.map	밀레스신전
maps/mileth/mileth.txt	밀레스여관	100292	db/maps/mileth/maps/lod136.map	밀레스여관
maps/mileth/mileth.txt	밀레스우체국	100293	db/maps/mileth/maps/lod128.map	밀레스우체국
maps/mileth/mileth.txt	밀레스은행	100294	db/maps/mileth/maps/lod135.map	밀레스은행
maps/mileth/mileth.txt	밀레스음식점	100295	db/maps/mileth/maps/lod129.map	밀레스음식점
maps/mileth/mileth.txt	밀레스주점	100296	db/maps/mileth/maps/lod134.map	밀레스주점
maps/mileth/mileth.txt	밀레스특수스킬의집	100297	db/maps/mileth/maps/lod401.map	밀레스특수스킬의집
maps/mileth/mileth.txt	밀레스훈련소	100298	db/maps/mileth/maps/lod717.map	밀레스훈련소
maps/mileth/mileth.txt	세오신전	100299	db/maps/mileth/maps/lod213.map	세오신전
maps/mileth/mileth.txt	세토아신전	100300	db/maps/mileth/maps/lod186.map	세토아신전
maps/mileth/mileth.txt	신들의세계	100301	db/maps/mileth/maps/lod206.map	신들의세계
maps/mileth/mileth.txt	칸신전	100302	db/maps/mileth/maps/lod211.map	칸신전
maps/mine/mine.txt	광산A	100303	db/maps/mine/maps/lod6800.map	광산A
maps/mine/mine.txt	마인마을	100304	db/maps/mine/maps/lod666.map	마인마을
maps/mine/mine.txt	마인시약상점	100305	db/maps/abel/maps/lod164.map	마인시약상점
maps/mine/mine.txt	마인여관	100306	db/maps/abel/maps/lod136.map	마인여관
maps/mine/mine.txt	마인은행	100307	db/maps/abel/maps/lod1968.map	마인은행
maps/mine/mine.txt	마인제조상점	100308	db/maps/default/maps/lod1969.map	마인제조상점
maps/mine/mine.txt	승급광산A	100309	db/maps/mine/maps/lod6800.map	승급광산A
maps/piet/piet.txt	피에트리콜상점	100310	db/maps/piet/maps/lod164.map	피에트리콜상점
maps/piet/piet.txt	피에트마을	100311	db/maps/piet/maps/lod501.map	피에트마을
maps/piet/piet.txt	피에트무기점	100312	db/maps/piet/maps/lod165.map	피에트무기점
maps/piet/piet.txt	피에트방어구점	100313	db/maps/piet/maps/lod163.map	피에트방어구점
maps/piet/piet.txt	피에트시약상점	100314	db/maps/piet/maps/lod161.map	피에트시약상점
maps/piet/piet.txt	피에트여관	100315	db/maps/piet/maps/lod150.map	피에트여관
maps/piet/piet.txt	피에트은행	100316	db/maps/piet/maps/lod148.map	피에트은행
maps/piet/piet.txt	피에트음식점	100317	db/maps/piet/maps/lod162.map	피에트음식점
maps/piet/piet.txt	피에트주점	100318	db/maps/piet/maps/lod149.map	피에트주점
maps/rotone/rotone.txt	로톤마을	100319	db/maps/rotone/maps/lod665.map	로톤마을
maps/rotone/rotone.txt	로톤미션의집	100320	db/maps/mileth/maps/lod401.map	로톤미션의집
maps/rotone/rotone.txt	로톤미용실	100321	db/maps/default/maps/lod2651.map	로톤미용실
maps/rotone/rotone.txt	로톤사범의집	100322	db/maps/mileth/maps/lod717.map	로톤사범의집
maps/rotone/rotone.txt	로톤여관	100323	db/maps/mileth/maps/lod136.map	로톤여관
maps/rotone/rotone.txt	로톤은행	100324	db/maps/rucesion/maps/lod135.map	로톤은행
maps/rotone/rotone.txt	로톤음식점	100325	db/maps/mileth/maps/lod129.map	로톤음식점
maps/rotone/rotone.txt	로톤장비상점	100326	db/maps/mileth/maps/lod130.map	로톤장비상점
maps/rotone/rotone.txt	로톤주점	100327	db/maps/mileth/maps/lod134.map	로톤주점
maps/roues/roues.txt	루어스리콜상점	100328	db/maps/rucesion/maps/lod164.map	루어스리콜상점
maps/roues/roues.txt	루어스마을	100329	db/maps/roues/maps/lod664.map	루어스마을
maps/roues/roues.txt	루어스여관	100330	db/maps/mileth/maps/lod136.map	루어스여관
maps/roues/roues.txt	루어스은행	100331	db/maps/abel/maps/lod1968.map	루어스은행
maps/roues/roues.txt	루어스필드	100332	db/maps/roues/maps/lod664.map	루어스필드
maps/rucesion/rucesion.txt	(뤼케)성메인홀	100333	db/maps/default/maps/lod119.map	(뤼케)성메인홀
maps/rucesion/rucesion.txt	(뤼케)성복도	100334	db/maps/default/maps/lod126.map	(뤼케)성복도
maps/rucesion/rucesion.txt	(뤼케)성식당	100335	db/maps/default/maps/lod120.map	(뤼케)성식당
maps/rucesion/rucesion.txt	(뤼케)알현실	100336	db/maps/default/maps/lod115.map	(뤼케)알현실
maps/rucesion/rucesion.txt	뤼케시온리콜상점	100337	db/maps/rucesion/maps/lod164.map	뤼케시온리콜상점
maps/rucesion/rucesion.txt	뤼케시온마을	100338	db/maps/rucesion/maps/lod505.map	뤼케시온마을
maps/rucesion/rucesion.txt	뤼케시온무기점	100339	db/maps/rucesion/maps/lod132.map	뤼케시온무기점
maps/rucesion/rucesion.txt	뤼케시온방어구점	100340	db/maps/rucesion/maps/lod133.map	뤼케시온방어구점
maps/rucesion/rucesion.txt	뤼케시온성	100341	db/maps/default/maps/lod598.map	뤼케시온성
maps/rucesion/rucesion.txt	뤼케시온여관	100342	db/maps/rucesion/maps/lod136.map	뤼케시온여관
maps/rucesion/rucesion.txt	뤼케시온은행	100343	db/maps/rucesion/maps/lod135.map	뤼케시온은행
maps/rucesion/rucesion.txt	뤼케시온필드	100344	db/maps/rucesion/maps/lod505.map	뤼케시온필드-100344
maps/rucesion/rucesion.txt	용병캠프	100345	db/maps/rucesion/maps/lod136.map	용병캠프
maps/rucesion/rucesion.txt	퀘스트뤼케시온성	100346	db/maps/default/maps/lod598.map	퀘스트뤼케시온성
maps/rucesionfield/rucesionfield.txt	뤼케시온field대기실	100347	db/maps/rucesionfield/maps/lod164.map	뤼케시온field대기실
maps/rucesionfield/rucesionfield.txt	뤼케시온무기점field	100348	db/maps/rucesionfield/maps/lod132.map	뤼케시온무기점field
maps/rucesionfield/rucesionfield.txt	뤼케시온방어구점field	100349	db/maps/rucesionfield/maps/lod133.map	뤼케시온방어구점field
maps/rucesionfield/rucesionfield.txt	뤼케시온여관field	100350	db/maps/rucesionfield/maps/lod136.map	뤼케시온여관field
maps/rucesionfield/rucesionfield.txt	뤼케시온은행field	100351	db/maps/rucesionfield/maps/lod135.map	뤼케시온은행field
maps/rucesionfield/rucesionfield.txt	뤼케시온필드	100352	db/maps/rucesionfield/maps/lod505.map	뤼케시온필드-100352
maps/suomi/suomi.txt	수오미기술사범의집	100353	db/maps/default/maps/lod1242.map	수오미기술사범의집
maps/suomi/suomi.txt	수오미마법사범의집	100354	db/maps/default/maps/lod1243.map	수오미마법사범의집
maps/suomi/suomi.txt	수오미마을	100355	db/maps/suomi/maps/lod503.map	수오미마을
maps/suomi/suomi.txt	수오미무기점	100356	db/maps/mileth/maps/lod132.map	수오미무기점
maps/suomi/suomi.txt	수오미방어구점	100357	db/maps/mileth/maps/lod133.map	수오미방어구점
maps/suomi/suomi.txt	수오미여관	100358	db/maps/piet/maps/lod150.map	수오미여관
maps/suomi/suomi.txt	수오미음식점	100359	db/maps/mileth/maps/lod129.map	수오미음식점
maps/suomi/suomi.txt	수오미주점	100360	db/maps/mileth/maps/lod134.map	수오미주점
maps/suomi/suomi.txt	수오미특수스킬의집	100361	db/maps/abel/maps/lod164.map	수오미특수스킬의집
maps/tagore/tagore.txt	타고르교회	100362	db/maps/mileth/maps/lod137.map	타고르교회
maps/tagore/tagore.txt	타고르마을	100363	db/maps/tagore/maps/lod662.map	타고르마을
maps/tagore/tagore.txt	타고르여관	100364	db/maps/mileth/maps/lod136.map	타고르여관
maps/tagore/tagore.txt	타고르은행	100365	db/maps/abel/maps/lod1968.map	타고르은행
maps/tagore/tagore.txt	홀리루딘길드성	100366	db/maps/default/maps/lod598.map	홀리루딘길드성
maps/tagore/tagore.txt	홀리루딘성메인홀	100367	db/maps/default/maps/lod119.map	홀리루딘성메인홀
maps/tagore/tagore.txt	홀리루딘성복도	100368	db/maps/default/maps/lod126.map	홀리루딘성복도
maps/tagore/tagore.txt	홀리루딘성식당	100369	db/maps/default/maps/lod120.map	홀리루딘성식당
maps/tagore/tagore.txt	홀리루딘성여관	100370	db/maps/mileth/maps/lod136.map	홀리루딘성여관
maps/tagore/tagore.txt	홀리루딘알현실	100371	db/maps/default/maps/lod115.map	홀리루딘알현실
maps/undine/undine.txt	운디네마을	100372	db/maps/undine/maps/lod504.map	운디네마을
maps/노비스마을/노비스마을.txt	노비스마을	100373	db/maps/노비스마을/maps/lod4644.map	노비스마을
maps/노비스마을/노비스마을.txt	노비스마을식당	100374	db/maps/노비스마을/maps/lod4650.map	노비스마을식당
maps/노비스마을/노비스마을.txt	노비스무기방어구상점	100375	db/maps/노비스마을/maps/lod4647.map	노비스무기방어구상점
maps/노비스마을/노비스마을.txt	노비스민가1	100376	db/maps/노비스마을/maps/lod4645.map	노비스민가1
maps/노비스마을/노비스마을.txt	노비스민가2	100377	db/maps/노비스마을/maps/lod4648.map	노비스민가2
maps/노비스마을/노비스마을.txt	노비스잡화상점	100378	db/maps/노비스마을/maps/lod4646.map	노비스잡화상점
maps/노비스마을/노비스마을.txt	노비스주점	100379	db/maps/노비스마을/maps/lod4649.map	노비스주점
maps/노비스마을/노비스마을.txt	노비스지하던전A1	100380	db/maps/노비스마을/maps/lod4653.map	노비스지하던전A1
maps/노비스마을/노비스마을.txt	노비스지하던전A2	100381	db/maps/노비스마을/maps/lod4654.map	노비스지하던전A2
maps/노비스마을/노비스마을.txt	노비스지하던전A3	100382	db/maps/노비스마을/maps/lod4661.map	노비스지하던전A3
maps/노비스마을/노비스마을.txt	노비스지하던전B1	100383	db/maps/노비스마을/maps/lod4655.map	노비스지하던전B1
maps/노비스마을/노비스마을.txt	노비스지하던전B2	100384	db/maps/노비스마을/maps/lod4656.map	노비스지하던전B2
maps/노비스마을/노비스마을.txt	노비스지하던전B3	100385	db/maps/노비스마을/maps/lod4660.map	노비스지하던전B3
maps/노비스마을/노비스마을.txt	노비스지하던전C1	100386	db/maps/노비스마을/maps/lod4658.map	노비스지하던전C1
maps/노비스마을/노비스마을.txt	노비스지하던전C2	100387	db/maps/노비스마을/maps/lod4657.map	노비스지하던전C2
maps/노비스마을/노비스마을.txt	노비스지하던전C3	100388	db/maps/노비스마을/maps/lod4659.map	노비스지하던전C3
maps/노비스마을/노비스마을.txt	노비스지하동굴A	100389	db/maps/노비스마을/maps/lod4662.map	노비스지하동굴A
maps/노비스마을/노비스마을.txt	노비스지하동굴B	100390	db/maps/노비스마을/maps/lod4663.map	노비스지하동굴B
maps/노비스마을/노비스마을.txt	노비스지하동굴C	100391	db/maps/노비스마을/maps/lod4664.map	노비스지하동굴C
maps/노비스마을/노비스마을.txt	노비스지하동굴D	100392	db/maps/노비스마을/maps/lod4665.map	노비스지하동굴D
maps/노비스마을/노비스마을.txt	노비스평원A	100393	db/maps/노비스마을/maps/lod4652.map	노비스평원A
maps/노비스마을/노비스마을.txt	노비스평원B	100394	db/maps/노비스마을/maps/lod4651.map	노비스평원B
maps/노비스마을/노비스마을.txt	연습장	100395	db/maps/노비스마을/maps/lod4666.map	연습장-100395
maps/놀이동산/놀이동산.txt	놀이동산	100396	db/maps/놀이동산/maps/lod7110.map	놀이동산
maps/놀이동산/놀이동산.txt	놀이동산1	100397	db/maps/놀이동산/maps/lod7111.map	놀이동산1
maps/놀이동산/놀이동산.txt	놀이동산입구	100398	db/maps/놀이동산/maps/lod7200.map	놀이동산입구
maps/드라큐라백작의성/드라큐라백작의성.txt	드라큐라백작의 성	100399	db/maps/드라큐라백작의성/maps/lod1001.map	드라큐라백작의 성
maps/드라큐라백작의성/드라큐라백작의성.txt	드라큐라백작의성동1	100400	db/maps/드라큐라백작의성/maps/lod1.map	드라큐라백작의성동1
maps/드라큐라백작의성/드라큐라백작의성.txt	드라큐라백작의성동10	100401	db/maps/드라큐라백작의성/maps/lod10.map	드라큐라백작의성동10
maps/드라큐라백작의성/드라큐라백작의성.txt	드라큐라백작의성동11	100402	db/maps/드라큐라백작의성/maps/lod11.map	드라큐라백작의성동11
maps/드라큐라백작의성/드라큐라백작의성.txt	드라큐라백작의성동12	100403	db/maps/드라큐라백작의성/maps/lod12.map	드라큐라백작의성동12
maps/드라큐라백작의성/드라큐라백작의성.txt	드라큐라백작의성동13	100404	db/maps/드라큐라백작의성/maps/lod13.map	드라큐라백작의성동13
maps/드라큐라백작의성/드라큐라백작의성.txt	드라큐라백작의성동14	100405	db/maps/드라큐라백작의성/maps/lod14.map	드라큐라백작의성동14
maps/드라큐라백작의성/드라큐라백작의성.txt	드라큐라백작의성동15	100406	db/maps/드라큐라백작의성/maps/lod15.map	드라큐라백작의성동15
maps/드라큐라백작의성/드라큐라백작의성.txt	드라큐라백작의성동16	100407	db/maps/드라큐라백작의성/maps/lod16.map	드라큐라백작의성동16
maps/드라큐라백작의성/드라큐라백작의성.txt	드라큐라백작의성동2	100408	db/maps/드라큐라백작의성/maps/lod2.map	드라큐라백작의성동2
maps/드라큐라백작의성/드라큐라백작의성.txt	드라큐라백작의성동3	100409	db/maps/드라큐라백작의성/maps/lod3.map	드라큐라백작의성동3
maps/드라큐라백작의성/드라큐라백작의성.txt	드라큐라백작의성동4	100410	db/maps/드라큐라백작의성/maps/lod4.map	드라큐라백작의성동4
maps/드라큐라백작의성/드라큐라백작의성.txt	드라큐라백작의성동5	100411	db/maps/드라큐라백작의성/maps/lod5.map	드라큐라백작의성동5
maps/드라큐라백작의성/드라큐라백작의성.txt	드라큐라백작의성동6	100412	db/maps/드라큐라백작의성/maps/lod6.map	드라큐라백작의성동6
maps/드라큐라백작의성/드라큐라백작의성.txt	드라큐라백작의성동7	100413	db/maps/드라큐라백작의성/maps/lod7.map	드라큐라백작의성동7
maps/드라큐라백작의성/드라큐라백작의성.txt	드라큐라백작의성동8	100414	db/maps/드라큐라백작의성/maps/lod8.map	드라큐라백작의성동8
maps/드라큐라백작의성/드라큐라백작의성.txt	드라큐라백작의성동9	100415	db/maps/드라큐라백작의성/maps/lod9.map	드라큐라백작의성동9
maps/드라큐라백작의성/드라큐라백작의성.txt	드라큐라백작의성서1	100416	db/maps/드라큐라백작의성/maps/lod100.map	드라큐라백작의성서1
maps/드라큐라백작의성/드라큐라백작의성.txt	드라큐라백작의성서10	100417	db/maps/드라큐라백작의성/maps/lod110.map	드라큐라백작의성서10
maps/드라큐라백작의성/드라큐라백작의성.txt	드라큐라백작의성서11	100418	db/maps/드라큐라백작의성/maps/lod111.map	드라큐라백작의성서11
maps/드라큐라백작의성/드라큐라백작의성.txt	드라큐라백작의성서12	100419	db/maps/드라큐라백작의성/maps/lod112.map	드라큐라백작의성서12
maps/드라큐라백작의성/드라큐라백작의성.txt	드라큐라백작의성서13	100420	db/maps/드라큐라백작의성/maps/lod113.map	드라큐라백작의성서13
maps/드라큐라백작의성/드라큐라백작의성.txt	드라큐라백작의성서14	100421	db/maps/드라큐라백작의성/maps/lod114.map	드라큐라백작의성서14
maps/드라큐라백작의성/드라큐라백작의성.txt	드라큐라백작의성서15	100422	db/maps/드라큐라백작의성/maps/lod115.map	드라큐라백작의성서15
maps/드라큐라백작의성/드라큐라백작의성.txt	드라큐라백작의성서16	100423	db/maps/드라큐라백작의성/maps/lod116.map	드라큐라백작의성서16
maps/드라큐라백작의성/드라큐라백작의성.txt	드라큐라백작의성서2	100424	db/maps/드라큐라백작의성/maps/lod102.map	드라큐라백작의성서2
maps/드라큐라백작의성/드라큐라백작의성.txt	드라큐라백작의성서3	100425	db/maps/드라큐라백작의성/maps/lod103.map	드라큐라백작의성서3
maps/드라큐라백작의성/드라큐라백작의성.txt	드라큐라백작의성서4	100426	db/maps/드라큐라백작의성/maps/lod104.map	드라큐라백작의성서4
maps/드라큐라백작의성/드라큐라백작의성.txt	드라큐라백작의성서5	100427	db/maps/드라큐라백작의성/maps/lod105.map	드라큐라백작의성서5
maps/드라큐라백작의성/드라큐라백작의성.txt	드라큐라백작의성서6	100428	db/maps/드라큐라백작의성/maps/lod106.map	드라큐라백작의성서6
maps/드라큐라백작의성/드라큐라백작의성.txt	드라큐라백작의성서7	100429	db/maps/드라큐라백작의성/maps/lod107.map	드라큐라백작의성서7
maps/드라큐라백작의성/드라큐라백작의성.txt	드라큐라백작의성서8	100430	db/maps/드라큐라백작의성/maps/lod108.map	드라큐라백작의성서8
maps/드라큐라백작의성/드라큐라백작의성.txt	드라큐라백작의성서9	100431	db/maps/드라큐라백작의성/maps/lod109.map	드라큐라백작의성서9
maps/드라큐라백작의성/드라큐라백작의성.txt	드라큐라백작의성응접실1	100432	db/maps/드라큐라백작의성/maps/lod1000.map	드라큐라백작의성응접실1
maps/드라큐라백작의성/드라큐라백작의성.txt	드라큐라백작의성응접실2	100433	db/maps/드라큐라백작의성/maps/lod2000.map	드라큐라백작의성응접실2
maps/드라큐라백작의성/드라큐라백작의성.txt	별장동쪽지하복도	100434	db/maps/드라큐라백작의성/maps/lod56.map	별장동쪽지하복도
maps/드라큐라백작의성/드라큐라백작의성.txt	별장서쪽지하복도	100435	db/maps/드라큐라백작의성/maps/lod55.map	별장서쪽지하복도
maps/드라큐라백작의성/드라큐라백작의성.txt	블러드백작의결계	100436	db/maps/드라큐라백작의성/maps/lod117.map	블러드백작의결계
maps/루어스성/루어스성.txt	길드마스터의방	100437	db/maps/루어스성/maps/lod0009.map	길드마스터의방
maps/루어스성/루어스성.txt	루어스성1층무기고	100438	db/maps/루어스성/maps/lod0005.map	루어스성1층무기고
maps/루어스성/루어스성.txt	루어스성1층복도	100439	db/maps/루어스성/maps/lod0002.map	루어스성1층복도
maps/루어스성/루어스성.txt	루어스성1층식당	100440	db/maps/루어스성/maps/lod0003.map	루어스성1층식당
maps/루어스성/루어스성.txt	루어스성1층침실	100441	db/maps/루어스성/maps/lod0004.map	루어스성1층침실
maps/루어스성/루어스성.txt	루어스성1층홀	100442	db/maps/루어스성/maps/lod0001.map	루어스성1층홀
maps/루어스성/루어스성.txt	루어스성2층무기고	100443	db/maps/루어스성/maps/lod0013.map	루어스성2층무기고
maps/루어스성/루어스성.txt	루어스성2층바	100444	db/maps/루어스성/maps/lod0011.map	루어스성2층바
maps/루어스성/루어스성.txt	루어스성2층복도	100445	db/maps/루어스성/maps/lod0007.map	루어스성2층복도
maps/루어스성/루어스성.txt	루어스성2층빈방1	100446	db/maps/루어스성/maps/lod0008.map	루어스성2층빈방1
maps/루어스성/루어스성.txt	루어스성2층식당	100447	db/maps/루어스성/maps/lod0010.map	루어스성2층식당
maps/루어스성/루어스성.txt	루어스성2층침실	100448	db/maps/루어스성/maps/lod0012.map	루어스성2층침실
maps/루어스성/루어스성.txt	루어스성2층홀	100449	db/maps/루어스성/maps/lod0014.map	루어스성2층홀
maps/루어스성/루어스성.txt	루어스성3층마법방	100450	db/maps/루어스성/maps/lod0017.map	루어스성3층마법방
maps/루어스성/루어스성.txt	루어스성3층복도	100451	db/maps/루어스성/maps/lod0016.map	루어스성3층복도
maps/루어스성/루어스성.txt	루어스성3층집무실	100452	db/maps/루어스성/maps/lod0015.map	루어스성3층집무실
maps/루어스성/루어스성.txt	루어스성3층책방	100453	db/maps/루어스성/maps/lod0018.map	루어스성3층책방
maps/루어스성/루어스성.txt	루어스성지하감옥	100454	db/maps/루어스성/maps/lod0006.map	루어스성지하감옥
maps/뤼케해안/뤼케해안.txt	뤼케시온해안1-A	100455	db/maps/뤼케해안/maps/lod0002.map	뤼케시온해안1-A
maps/뤼케해안/뤼케해안.txt	뤼케시온해안1-B	100456	db/maps/뤼케해안/maps/lod0006.map	뤼케시온해안1-B
maps/뤼케해안/뤼케해안.txt	뤼케시온해안2-A	100457	db/maps/뤼케해안/maps/lod0003.map	뤼케시온해안2-A
maps/뤼케해안/뤼케해안.txt	뤼케시온해안2-B	100458	db/maps/뤼케해안/maps/lod0007.map	뤼케시온해안2-B
maps/뤼케해안/뤼케해안.txt	뤼케시온해안2-C	100459	db/maps/뤼케해안/maps/lod0010.map	뤼케시온해안2-C
maps/뤼케해안/뤼케해안.txt	뤼케시온해안3-A	100460	db/maps/뤼케해안/maps/lod0004.map	뤼케시온해안3-A
maps/뤼케해안/뤼케해안.txt	뤼케시온해안3-B	100461	db/maps/뤼케해안/maps/lod0008.map	뤼케시온해안3-B
maps/뤼케해안/뤼케해안.txt	뤼케시온해안3-C	100462	db/maps/뤼케해안/maps/lod0011.map	뤼케시온해안3-C
maps/뤼케해안/뤼케해안.txt	뤼케시온해안4-A	100463	db/maps/뤼케해안/maps/lod0005.map	뤼케시온해안4-A
maps/뤼케해안/뤼케해안.txt	뤼케시온해안4-B	100464	db/maps/뤼케해안/maps/lod0009.map	뤼케시온해안4-B
maps/뤼케해안/뤼케해안.txt	뤼케시온해안4-C	100465	db/maps/뤼케해안/maps/lod0012.map	뤼케시온해안4-C
maps/뤼케해안/뤼케해안.txt	뤼케시온해안대기실	100466	db/maps/뤼케해안/maps/lod0001.map	뤼케시온해안대기실
maps/메카닉/메카닉.txt	루프의캠프	100467	db/maps/메카닉/maps/lod8065.map	루프의캠프
maps/메카닉/메카닉.txt	메카닉A구역-1	100468	db/maps/메카닉/maps/lod8066.map	메카닉A구역-1
maps/메카닉/메카닉.txt	메카닉B구역-1	100469	db/maps/메카닉/maps/lod8067.map	메카닉B구역-1
maps/메카닉/메카닉.txt	메카닉B구역-2	100470	db/maps/메카닉/maps/lod8068.map	메카닉B구역-2
maps/메카닉/메카닉.txt	메카닉B구역-3	100471	db/maps/메카닉/maps/lod8069.map	메카닉B구역-3
maps/메카닉/메카닉.txt	메카닉C구역-1	100472	db/maps/메카닉/maps/lod8067.map	메카닉C구역-1
maps/메카닉/메카닉.txt	메카닉C구역-2	100473	db/maps/메카닉/maps/lod8068.map	메카닉C구역-2
maps/메카닉/메카닉.txt	메카닉C구역-3	100474	db/maps/메카닉/maps/lod8069.map	메카닉C구역-3
maps/메카닉/메카닉.txt	메카닉D구역-1	100475	db/maps/메카닉/maps/lod8066.map	메카닉D구역-1
maps/메카닉/메카닉.txt	메카닉E구역-1	100476	db/maps/메카닉/maps/lod8067.map	메카닉E구역-1
maps/메카닉/메카닉.txt	메카닉E구역-2	100477	db/maps/메카닉/maps/lod8068.map	메카닉E구역-2
maps/메카닉/메카닉.txt	메카닉E구역-3	100478	db/maps/메카닉/maps/lod8069.map	메카닉E구역-3
maps/메카닉/메카닉.txt	메카닉F구역-1	100479	db/maps/메카닉/maps/lod8067.map	메카닉F구역-1
maps/뮤레칸의역습/뮤레칸의역습.txt	뮤레칸의역습::밀레스	100480	db/maps/뮤레칸의역습/maps/lod500.map	뮤레칸의역습__밀레스
maps/베크나탑/베크나탑.txt	베크나탑미로1	100481	db/maps/베크나탑/maps/lod6053.map	베크나탑미로1
maps/베크나탑/베크나탑.txt	베크나탑미로2	100482	db/maps/베크나탑/maps/lod6054.map	베크나탑미로2
maps/베크나탑/베크나탑.txt	베크나탑미로3	100483	db/maps/베크나탑/maps/lod6045.map	베크나탑미로3
maps/베크나탑/베크나탑.txt	베크나탑미로4	100484	db/maps/베크나탑/maps/lod6056.map	베크나탑미로4
maps/베크나탑/베크나탑.txt	베크나탑미로5	100485	db/maps/베크나탑/maps/lod6051.map	베크나탑미로5
maps/베크나탑/베크나탑.txt	베크나탑미로6	100486	db/maps/베크나탑/maps/lod6052.map	베크나탑미로6
maps/베크나탑/베크나탑.txt	베크나탑미로7	100487	db/maps/베크나탑/maps/lod6042.map	베크나탑미로7
maps/베크나탑/베크나탑.txt	베크나탑미로대기실	100488	db/maps/베크나탑/maps/lod6400.map	베크나탑미로대기실
maps/베크나탑/베크나탑.txt	베크나탑입구	100489	db/maps/베크나탑/maps/lod6041.map	베크나탑입구
maps/서쪽대륙/서쪽대륙.txt	루딘의집	100490	db/maps/서쪽대륙/maps/lod11003.map	루딘의집
maps/서쪽대륙/서쪽대륙.txt	메데니아뱅크(아만지점)	100491	db/maps/서쪽대륙/maps/lod11004.map	메데니아뱅크(아만지점)
maps/서쪽대륙/서쪽대륙.txt	메데니아뱅크(타바리지점)1층	100492	db/maps/서쪽대륙/maps/lod11312.map	메데니아뱅크(타바리지점)1층
maps/서쪽대륙/서쪽대륙.txt	메데니아뱅크(타바리지점)2층	100493	db/maps/서쪽대륙/maps/lod11313.map	메데니아뱅크(타바리지점)2층
maps/서쪽대륙/서쪽대륙.txt	메데니아뱅크-화론지점	100494	db/maps/서쪽대륙/maps/lod10274.map	메데니아뱅크-화론지점
maps/서쪽대륙/서쪽대륙.txt	메데니아뱅크-환전소	100495	db/maps/서쪽대륙/maps/lod10304.map	메데니아뱅크-환전소
maps/서쪽대륙/서쪽대륙.txt	무기점-연무관	100496	db/maps/서쪽대륙/maps/lod10271.map	무기점-연무관
maps/서쪽대륙/서쪽대륙.txt	시약점-상약국	100497	db/maps/서쪽대륙/maps/lod10272.map	시약점-상약국
maps/서쪽대륙/서쪽대륙.txt	아만대장간	100498	db/maps/서쪽대륙/maps/lod11008.map	아만대장간
maps/서쪽대륙/서쪽대륙.txt	아만동굴	100499	db/maps/서쪽대륙/maps/lod11010.map	아만동굴
maps/서쪽대륙/서쪽대륙.txt	아만마을	100500	db/maps/서쪽대륙/maps/lod11000.map	아만마을
maps/서쪽대륙/서쪽대륙.txt	아만민가A	100501	db/maps/서쪽대륙/maps/lod11006.map	아만민가A
maps/서쪽대륙/서쪽대륙.txt	아만민가B	100502	db/maps/서쪽대륙/maps/lod11007.map	아만민가B
maps/서쪽대륙/서쪽대륙.txt	아만여관	100503	db/maps/서쪽대륙/maps/lod11001.map	아만여관
maps/서쪽대륙/서쪽대륙.txt	아만자치국회관	100504	db/maps/서쪽대륙/maps/lod11002.map	아만자치국회관
maps/서쪽대륙/서쪽대륙.txt	아만잡화상점	100505	db/maps/서쪽대륙/maps/lod11005.map	아만잡화상점
maps/서쪽대륙/서쪽대륙.txt	아만정글1	100506	db/maps/서쪽대륙/maps/lod10307.map	아만정글1
maps/서쪽대륙/서쪽대륙.txt	아만정글2	100507	db/maps/서쪽대륙/maps/lod10308.map	아만정글2
maps/서쪽대륙/서쪽대륙.txt	아만정글3	100508	db/maps/서쪽대륙/maps/lod10309.map	아만정글3
maps/서쪽대륙/서쪽대륙.txt	아만정글4	100509	db/maps/서쪽대륙/maps/lod10310.map	아만정글4
maps/서쪽대륙/서쪽대륙.txt	아만정글5	100510	db/maps/서쪽대륙/maps/lod10311.map	아만정글5
maps/서쪽대륙/서쪽대륙.txt	아만정글입구	100511	db/maps/서쪽대륙/maps/lod10306.map	아만정글입구
maps/서쪽대륙/서쪽대륙.txt	아만정글항구	100512	db/maps/서쪽대륙/maps/lod10312.map	아만정글항구
maps/서쪽대륙/서쪽대륙.txt	알세이드스-화론마을	100513	db/maps/서쪽대륙/maps/lod10265.map	알세이드스-화론마을
maps/서쪽대륙/서쪽대륙.txt	여관-금화장	100514	db/maps/서쪽대륙/maps/lod10266.map	여관-금화장
maps/서쪽대륙/서쪽대륙.txt	카타콤지하1	100515	db/maps/서쪽대륙/maps/lod11400.map	카타콤지하1
maps/서쪽대륙/서쪽대륙.txt	카타콤지하2	100516	db/maps/서쪽대륙/maps/lod11401.map	카타콤지하2
maps/서쪽대륙/서쪽대륙.txt	카타콤지하3	100517	db/maps/서쪽대륙/maps/lod11402.map	카타콤지하3
maps/서쪽대륙/서쪽대륙.txt	타바리길목	100518	db/maps/서쪽대륙/maps/lod11011.map	타바리길목
maps/서쪽대륙/서쪽대륙.txt	타바리마을	100519	db/maps/서쪽대륙/maps/lod11300.map	타바리마을
maps/서쪽대륙/서쪽대륙.txt	타바리무기-잡화상점	100520	db/maps/서쪽대륙/maps/lod11315.map	타바리무기-잡화상점
maps/서쪽대륙/서쪽대륙.txt	타바리민가A	100521	db/maps/서쪽대륙/maps/lod11317.map	타바리민가A
maps/서쪽대륙/서쪽대륙.txt	타바리민가B	100522	db/maps/서쪽대륙/maps/lod11318.map	타바리민가B
maps/서쪽대륙/서쪽대륙.txt	타바리보석상점	100523	db/maps/서쪽대륙/maps/lod11316.map	타바리보석상점
maps/서쪽대륙/서쪽대륙.txt	타바리신전	100524	db/maps/서쪽대륙/maps/lod11310.map	타바리신전
maps/서쪽대륙/서쪽대륙.txt	타바리여관	100525	db/maps/서쪽대륙/maps/lod11311.map	타바리여관
maps/서쪽대륙/서쪽대륙.txt	타바리창고	100526	db/maps/서쪽대륙/maps/lod11314.map	타바리창고
maps/서쪽대륙/서쪽대륙.txt	포목점-천의방	100527	db/maps/서쪽대륙/maps/lod10273.map	포목점-천의방
maps/서쪽대륙/서쪽대륙.txt	화론-민가1	100528	db/maps/서쪽대륙/maps/lod10267.map	화론-민가1
maps/서쪽대륙/서쪽대륙.txt	화론-민가2	100529	db/maps/서쪽대륙/maps/lod10268.map	화론-민가2
maps/서쪽대륙/서쪽대륙.txt	화론-민가3	100530	db/maps/서쪽대륙/maps/lod10282.map	화론-민가3
maps/서쪽대륙/서쪽대륙.txt	화론-조리장	100531	db/maps/서쪽대륙/maps/lod10270.map	화론-조리장
maps/서쪽대륙/서쪽대륙.txt	흉가1층	100532	db/maps/서쪽대륙/maps/lod10287.map	흉가1층
maps/서쪽대륙/서쪽대륙.txt	흉가1층-방1	100533	db/maps/서쪽대륙/maps/lod10291.map	흉가1층-방1
maps/서쪽대륙/서쪽대륙.txt	흉가1층-방2	100534	db/maps/서쪽대륙/maps/lod10290.map	흉가1층-방2
maps/서쪽대륙/서쪽대륙.txt	흉가1층-방3	100535	db/maps/서쪽대륙/maps/lod10290.map	흉가1층-방3
maps/서쪽대륙/서쪽대륙.txt	흉가1층-방4	100536	db/maps/서쪽대륙/maps/lod10291.map	흉가1층-방4
maps/서쪽대륙/서쪽대륙.txt	흉가1층-방5	100537	db/maps/서쪽대륙/maps/lod10292.map	흉가1층-방5
maps/서쪽대륙/서쪽대륙.txt	흉가2층	100538	db/maps/서쪽대륙/maps/lod10293.map	흉가2층
maps/서쪽대륙/서쪽대륙.txt	흉가3층	100539	db/maps/서쪽대륙/maps/lod10302.map	흉가3층
maps/서쪽대륙/서쪽대륙.txt	흉가지하	100540	db/maps/서쪽대륙/maps/lod10285.map	흉가지하
maps/승급호러캐슬/승급호러캐슬.txt	승급캐슬1	100541	db/maps/승급호러캐슬/maps/lod2.map	승급캐슬1
maps/승급호러캐슬/승급호러캐슬.txt	승급캐슬10	100542	db/maps/승급호러캐슬/maps/lod2.map	승급캐슬10
maps/승급호러캐슬/승급호러캐슬.txt	승급캐슬11	100543	db/maps/승급호러캐슬/maps/lod2.map	승급캐슬11
maps/승급호러캐슬/승급호러캐슬.txt	승급캐슬12	100544	db/maps/승급호러캐슬/maps/lod2.map	승급캐슬12
maps/승급호러캐슬/승급호러캐슬.txt	승급캐슬13	100545	db/maps/승급호러캐슬/maps/lod2.map	승급캐슬13
maps/승급호러캐슬/승급호러캐슬.txt	승급캐슬14	100546	db/maps/승급호러캐슬/maps/lod2.map	승급캐슬14
maps/승급호러캐슬/승급호러캐슬.txt	승급캐슬15	100547	db/maps/승급호러캐슬/maps/lod2.map	승급캐슬15
maps/승급호러캐슬/승급호러캐슬.txt	승급캐슬16	100548	db/maps/승급호러캐슬/maps/lod2.map	승급캐슬16
maps/승급호러캐슬/승급호러캐슬.txt	승급캐슬17	100549	db/maps/승급호러캐슬/maps/lod2.map	승급캐슬17
maps/승급호러캐슬/승급호러캐슬.txt	승급캐슬18	100550	db/maps/승급호러캐슬/maps/lod2.map	승급캐슬18
maps/승급호러캐슬/승급호러캐슬.txt	승급캐슬19	100551	db/maps/승급호러캐슬/maps/lod2.map	승급캐슬19
maps/승급호러캐슬/승급호러캐슬.txt	승급캐슬2	100552	db/maps/승급호러캐슬/maps/lod2.map	승급캐슬2
maps/승급호러캐슬/승급호러캐슬.txt	승급캐슬20	100553	db/maps/승급호러캐슬/maps/lod2.map	승급캐슬20
maps/승급호러캐슬/승급호러캐슬.txt	승급캐슬3	100554	db/maps/승급호러캐슬/maps/lod2.map	승급캐슬3
maps/승급호러캐슬/승급호러캐슬.txt	승급캐슬4	100555	db/maps/승급호러캐슬/maps/lod2.map	승급캐슬4
maps/승급호러캐슬/승급호러캐슬.txt	승급캐슬5	100556	db/maps/승급호러캐슬/maps/lod2.map	승급캐슬5
maps/승급호러캐슬/승급호러캐슬.txt	승급캐슬6	100557	db/maps/승급호러캐슬/maps/lod2.map	승급캐슬6
maps/승급호러캐슬/승급호러캐슬.txt	승급캐슬7	100558	db/maps/승급호러캐슬/maps/lod2.map	승급캐슬7
maps/승급호러캐슬/승급호러캐슬.txt	승급캐슬8	100559	db/maps/승급호러캐슬/maps/lod2.map	승급캐슬8
maps/승급호러캐슬/승급호러캐슬.txt	승급캐슬9	100560	db/maps/승급호러캐슬/maps/lod2.map	승급캐슬9
maps/승급호러캐슬/승급호러캐슬.txt	승급호러승캐슬대기실	100561	db/maps/승급호러캐슬/maps/lod1.map	승급호러승캐슬대기실
maps/승급호러캐슬/승급호러캐슬.txt	승캐슬대기실1	100562	db/maps/default/maps/lod1200.map	승캐슬대기실1
maps/승급호러캐슬/승급호러캐슬.txt	승캐슬대기실10	100563	db/maps/default/maps/lod1200.map	승캐슬대기실10
maps/승급호러캐슬/승급호러캐슬.txt	승캐슬대기실11	100564	db/maps/default/maps/lod1200.map	승캐슬대기실11
maps/승급호러캐슬/승급호러캐슬.txt	승캐슬대기실12	100565	db/maps/default/maps/lod1200.map	승캐슬대기실12
maps/승급호러캐슬/승급호러캐슬.txt	승캐슬대기실13	100566	db/maps/default/maps/lod1200.map	승캐슬대기실13
maps/승급호러캐슬/승급호러캐슬.txt	승캐슬대기실14	100567	db/maps/default/maps/lod1200.map	승캐슬대기실14
maps/승급호러캐슬/승급호러캐슬.txt	승캐슬대기실15	100568	db/maps/default/maps/lod1200.map	승캐슬대기실15
maps/승급호러캐슬/승급호러캐슬.txt	승캐슬대기실16	100569	db/maps/default/maps/lod1200.map	승캐슬대기실16
maps/승급호러캐슬/승급호러캐슬.txt	승캐슬대기실17	100570	db/maps/default/maps/lod1200.map	승캐슬대기실17
maps/승급호러캐슬/승급호러캐슬.txt	승캐슬대기실18	100571	db/maps/default/maps/lod1200.map	승캐슬대기실18
maps/승급호러캐슬/승급호러캐슬.txt	승캐슬대기실19	100572	db/maps/default/maps/lod1200.map	승캐슬대기실19
maps/승급호러캐슬/승급호러캐슬.txt	승캐슬대기실2	100573	db/maps/default/maps/lod1200.map	승캐슬대기실2
maps/승급호러캐슬/승급호러캐슬.txt	승캐슬대기실20	100574	db/maps/default/maps/lod1200.map	승캐슬대기실20
maps/승급호러캐슬/승급호러캐슬.txt	승캐슬대기실3	100575	db/maps/default/maps/lod1200.map	승캐슬대기실3
maps/승급호러캐슬/승급호러캐슬.txt	승캐슬대기실4	100576	db/maps/default/maps/lod1200.map	승캐슬대기실4
maps/승급호러캐슬/승급호러캐슬.txt	승캐슬대기실5	100577	db/maps/default/maps/lod1200.map	승캐슬대기실5
maps/승급호러캐슬/승급호러캐슬.txt	승캐슬대기실6	100578	db/maps/default/maps/lod1200.map	승캐슬대기실6
maps/승급호러캐슬/승급호러캐슬.txt	승캐슬대기실7	100579	db/maps/default/maps/lod1200.map	승캐슬대기실7
maps/승급호러캐슬/승급호러캐슬.txt	승캐슬대기실8	100580	db/maps/default/maps/lod1200.map	승캐슬대기실8
maps/승급호러캐슬/승급호러캐슬.txt	승캐슬대기실9	100581	db/maps/default/maps/lod1200.map	승캐슬대기실9
maps/시장/시장.txt	시장	100582	db/maps/시장/maps/lod991.map	시장
maps/시장/시장.txt	시장은행	100583	db/maps/시장/maps/lod994.map	시장은행
maps/아벨해안/아벨해안.txt	아벨해안1-A	100584	db/maps/아벨해안/maps/lod0002.map	아벨해안1-A
maps/아벨해안/아벨해안.txt	아벨해안1-B	100585	db/maps/아벨해안/maps/lod0006.map	아벨해안1-B
maps/아벨해안/아벨해안.txt	아벨해안2-A	100586	db/maps/아벨해안/maps/lod0003.map	아벨해안2-A
maps/아벨해안/아벨해안.txt	아벨해안2-B	100587	db/maps/아벨해안/maps/lod0007.map	아벨해안2-B
maps/아벨해안/아벨해안.txt	아벨해안2-C	100588	db/maps/아벨해안/maps/lod0010.map	아벨해안2-C
maps/아벨해안/아벨해안.txt	아벨해안3-A	100589	db/maps/아벨해안/maps/lod0004.map	아벨해안3-A
maps/아벨해안/아벨해안.txt	아벨해안3-B	100590	db/maps/아벨해안/maps/lod0008.map	아벨해안3-B
maps/아벨해안/아벨해안.txt	아벨해안3-C	100591	db/maps/아벨해안/maps/lod0011.map	아벨해안3-C
maps/아벨해안/아벨해안.txt	아벨해안4-A	100592	db/maps/아벨해안/maps/lod0005.map	아벨해안4-A
maps/아벨해안/아벨해안.txt	아벨해안4-B	100593	db/maps/아벨해안/maps/lod0009.map	아벨해안4-B
maps/아벨해안/아벨해안.txt	아벨해안4-C	100594	db/maps/아벨해안/maps/lod0012.map	아벨해안4-C
maps/아벨해안/아벨해안.txt	아벨해안대기실	100595	db/maps/아벨해안/maps/lod0001.map	아벨해안대기실
maps/아슬론마을/아슬론마을.txt	메데니아뱅크(아슬론지점)	100596	db/maps/아슬론마을/maps/lod4667.map	메데니아뱅크(아슬론지점)
maps/아슬론마을/아슬론마을.txt	아슬론마을	100597	db/maps/아슬론마을/maps/lod4662.map	아슬론마을
maps/아슬론마을/아슬론마을.txt	아슬론무기상점	100598	db/maps/아슬론마을/maps/lod4663.map	아슬론무기상점
maps/아슬론마을/아슬론마을.txt	아슬론식당	100599	db/maps/아슬론마을/maps/lod4666.map	아슬론식당
maps/아슬론마을/아슬론마을.txt	아슬론여관	100600	db/maps/아슬론마을/maps/lod4665.map	아슬론여관
maps/아슬론마을/아슬론마을.txt	아슬론잡화상점	100601	db/maps/아슬론마을/maps/lod4668.map	아슬론잡화상점
maps/아슬론마을/아슬론마을.txt	아슬론초원	100602	db/maps/아슬론마을/maps/lod10008.map	아슬론초원
maps/아슬론마을/아슬론마을.txt	아슬론촌장의집	100603	db/maps/아슬론마을/maps/lod4664.map	아슬론촌장의집
maps/아슬론마을/아슬론마을.txt	아슬론항구	100604	db/maps/아슬론마을/maps/lod10028.map	아슬론항구
maps/야외배틀필드/야외배틀필드.txt	루어스대련장	100605	db/maps/야외배틀필드/maps/lod507.map	루어스대련장
maps/야외배틀필드/야외배틀필드.txt	마이소시아콜로세움	100606	db/maps/야외배틀필드/maps/lod1000.map	마이소시아콜로세움
maps/야외배틀필드/야외배틀필드.txt	밀레스대련장	100607	db/maps/야외배틀필드/maps/lod507.map	밀레스대련장
maps/야외배틀필드/야외배틀필드.txt	빛의신전	100608	db/maps/야외배틀필드/maps/lod24001.map	빛의신전
maps/야외배틀필드/야외배틀필드.txt	수오미대련장	100609	db/maps/야외배틀필드/maps/lod507.map	수오미대련장
maps/야외배틀필드/야외배틀필드.txt	통합대련장	100610	db/maps/야외배틀필드/maps/lod506.map	통합대련장
maps/오렌마을/오렌마을.txt	알수없는미로A	100611	db/maps/오렌마을/maps/lod6581.map	알수없는미로A
maps/오렌마을/오렌마을.txt	알수없는미로F	100612	db/maps/오렌마을/maps/lod6586.map	알수없는미로F
maps/오렌마을/오렌마을.txt	알수없는미로J	100613	db/maps/오렌마을/maps/lod6590.map	알수없는미로J
maps/오렌마을/오렌마을.txt	오렌	100614	db/maps/오렌마을/maps/lod6228.map	오렌
maps/오렌마을/오렌마을.txt	오렌군주의저택	100615	db/maps/오렌마을/maps/lod6512.map	오렌군주의저택
maps/오렌마을/오렌마을.txt	오렌마을외곽	100616	db/maps/오렌마을/maps/lod6525.map	오렌마을외곽
maps/오렌마을/오렌마을.txt	오렌무기상점	100617	db/maps/오렌마을/maps/lod6513.map	오렌무기상점
maps/오렌마을/오렌마을.txt	오렌미궁1-1	100618	db/maps/오렌마을/maps/lod6530.map	오렌미궁1-1
maps/오렌마을/오렌마을.txt	오렌미궁1-2	100619	db/maps/오렌마을/maps/lod6531.map	오렌미궁1-2
maps/오렌마을/오렌마을.txt	오렌미궁1-3	100620	db/maps/오렌마을/maps/lod6532.map	오렌미궁1-3
maps/오렌마을/오렌마을.txt	오렌미궁1-4	100621	db/maps/오렌마을/maps/lod6533.map	오렌미궁1-4
maps/오렌마을/오렌마을.txt	오렌미궁2-2	100622	db/maps/오렌마을/maps/lod6535.map	오렌미궁2-2
maps/오렌마을/오렌마을.txt	오렌미궁2-4	100623	db/maps/오렌마을/maps/lod6537.map	오렌미궁2-4
maps/오렌마을/오렌마을.txt	오렌미궁3-1	100624	db/maps/오렌마을/maps/lod6538.map	오렌미궁3-1
maps/오렌마을/오렌마을.txt	오렌미궁3-2	100625	db/maps/오렌마을/maps/lod6539.map	오렌미궁3-2
maps/오렌마을/오렌마을.txt	오렌미궁3-3	100626	db/maps/오렌마을/maps/lod6540.map	오렌미궁3-3
maps/오렌마을/오렌마을.txt	오렌미궁3-4	100627	db/maps/오렌마을/maps/lod6541.map	오렌미궁3-4
maps/오렌마을/오렌마을.txt	오렌미궁입구	100628	db/maps/오렌마을/maps/lod6526.map	오렌미궁입구
maps/오렌마을/오렌마을.txt	오렌시약상점	100629	db/maps/오렌마을/maps/lod6516.map	오렌시약상점
maps/오렌마을/오렌마을.txt	오렌식당	100630	db/maps/오렌마을/maps/lod6518.map	오렌식당
maps/오렌마을/오렌마을.txt	오렌외곽던전대기실	100631	db/maps/오렌마을/maps/lod6624.map	오렌외곽던전대기실
maps/오렌마을/오렌마을.txt	오렌은행	100632	db/maps/오렌마을/maps/lod6520.map	오렌은행
maps/오렌마을/오렌마을.txt	오렌잡화상점	100633	db/maps/오렌마을/maps/lod6521.map	오렌잡화상점
maps/오렌마을/오렌마을.txt	오렌주점	100634	db/maps/오렌마을/maps/lod6524.map	오렌주점
maps/오렌마을/오렌마을.txt	오렌주택1	100635	db/maps/오렌마을/maps/lod6500.map	오렌주택1
maps/오렌마을/오렌마을.txt	오렌주택10	100636	db/maps/오렌마을/maps/lod6509.map	오렌주택10
maps/오렌마을/오렌마을.txt	오렌주택12	100637	db/maps/오렌마을/maps/lod6511.map	오렌주택12
maps/오렌마을/오렌마을.txt	오렌주택2	100638	db/maps/오렌마을/maps/lod6501.map	오렌주택2
maps/오렌마을/오렌마을.txt	오렌주택3	100639	db/maps/오렌마을/maps/lod6502.map	오렌주택3
maps/오렌마을/오렌마을.txt	오렌주택4	100640	db/maps/오렌마을/maps/lod6503.map	오렌주택4
maps/오렌마을/오렌마을.txt	오렌주택5	100641	db/maps/오렌마을/maps/lod6504.map	오렌주택5
maps/오렌마을/오렌마을.txt	오렌주택7	100642	db/maps/오렌마을/maps/lod6506.map	오렌주택7
maps/오렌마을/오렌마을.txt	오렌주택9	100643	db/maps/오렌마을/maps/lod6508.map	오렌주택9
maps/오렌마을/오렌마을.txt	함정	100644	db/maps/오렌마을/maps/lod6527.map	함정
maps/용자의공원/용자의공원.txt	도서관1	100645	db/maps/용자의공원/maps/lod3900.map	도서관1
maps/용자의공원/용자의공원.txt	도서관2	100646	db/maps/용자의공원/maps/lod3901.map	도서관2
maps/용자의공원/용자의공원.txt	몬스터관	100647	db/maps/용자의공원/maps/lod3902.map	몬스터관
maps/용자의공원/용자의공원.txt	박물관1층	100648	db/maps/용자의공원/maps/lod3701.map	박물관1층
maps/용자의공원/용자의공원.txt	박물관2층	100649	db/maps/용자의공원/maps/lod3702.map	박물관2층
maps/용자의공원/용자의공원.txt	박물관3층	100650	db/maps/용자의공원/maps/lod3703.map	박물관3층
maps/용자의공원/용자의공원.txt	박물관옥탑	100651	db/maps/용자의공원/maps/lod3704.map	박물관옥탑
maps/용자의공원/용자의공원.txt	역사관	100652	db/maps/용자의공원/maps/lod3903.map	역사관
maps/용자의공원/용자의공원.txt	용자의공원	100653	db/maps/용자의공원/maps/lod3700.map	용자의공원
maps/용자의공원/용자의공원.txt	유물관	100654	db/maps/용자의공원/maps/lod3904.map	유물관
maps/용자의공원/용자의공원.txt	인물관	100655	db/maps/용자의공원/maps/lod3905.map	인물관
maps/적룡플라밋의굴/적룡플라밋의굴.txt	적룡플라밋의굴대기실	100656	db/maps/적룡플라밋의굴/maps/lod3634.map	적룡플라밋의굴대기실
maps/죽음의마을/죽음의마을.txt	신죽마집안2-1	100657	db/maps/죽음의마을/maps/lod3755.map	신죽마집안2-1
maps/죽음의마을/죽음의마을.txt	신죽마집안2-2	100658	db/maps/죽음의마을/maps/lod3756.map	신죽마집안2-2
maps/죽음의마을/죽음의마을.txt	신죽마집안2-3	100659	db/maps/죽음의마을/maps/lod3757.map	신죽마집안2-3
maps/죽음의마을/죽음의마을.txt	신죽마집안2-4	100660	db/maps/죽음의마을/maps/lod3758.map	신죽마집안2-4
maps/죽음의마을/죽음의마을.txt	신죽마집안21-1	100661	db/maps/죽음의마을/maps/lod3777.map	신죽마집안21-1
maps/죽음의마을/죽음의마을.txt	신죽마집안21-2	100662	db/maps/죽음의마을/maps/lod3778.map	신죽마집안21-2
maps/죽음의마을/죽음의마을.txt	신죽마집안21-3	100663	db/maps/죽음의마을/maps/lod3779.map	신죽마집안21-3
maps/죽음의마을/죽음의마을.txt	신죽마집안21-4	100664	db/maps/죽음의마을/maps/lod3780.map	신죽마집안21-4
maps/죽음의마을/죽음의마을.txt	신죽마집안4-1	100665	db/maps/죽음의마을/maps/lod3763.map	신죽마집안4-1
maps/죽음의마을/죽음의마을.txt	신죽마집안4-2	100666	db/maps/죽음의마을/maps/lod3764.map	신죽마집안4-2
maps/죽음의마을/죽음의마을.txt	신죽마집안4-3	100667	db/maps/죽음의마을/maps/lod3765.map	신죽마집안4-3
maps/죽음의마을/죽음의마을.txt	신죽마집안4-4	100668	db/maps/죽음의마을/maps/lod3766.map	신죽마집안4-4
maps/죽음의마을/죽음의마을.txt	신죽마집안5-1	100669	db/maps/죽음의마을/maps/lod3767.map	신죽마집안5-1
maps/죽음의마을/죽음의마을.txt	신죽마집안5-2	100670	db/maps/죽음의마을/maps/lod3768.map	신죽마집안5-2
maps/죽음의마을/죽음의마을.txt	신죽마집안5-3	100671	db/maps/죽음의마을/maps/lod3769.map	신죽마집안5-3
maps/죽음의마을/죽음의마을.txt	신죽마집안5-4	100672	db/maps/죽음의마을/maps/lod3770.map	신죽마집안5-4
maps/죽음의마을/죽음의마을.txt	신죽음의마을1-1	100673	db/maps/죽음의마을/maps/lod3725.map	신죽음의마을1-1
maps/죽음의마을/죽음의마을.txt	신죽음의마을1-2	100674	db/maps/죽음의마을/maps/lod3726.map	신죽음의마을1-2
maps/죽음의마을/죽음의마을.txt	신죽음의마을1-3	100675	db/maps/죽음의마을/maps/lod3727.map	신죽음의마을1-3
maps/죽음의마을/죽음의마을.txt	신죽음의마을1-4	100676	db/maps/죽음의마을/maps/lod3728.map	신죽음의마을1-4
maps/죽음의마을/죽음의마을.txt	신죽음의마을1-5	100677	db/maps/죽음의마을/maps/lod3729.map	신죽음의마을1-5
maps/죽음의마을/죽음의마을.txt	신죽음의마을1-6	100678	db/maps/죽음의마을/maps/lod3730.map	신죽음의마을1-6
maps/죽음의마을/죽음의마을.txt	죽음의마을1	100679	db/maps/죽음의마을/maps/lod0002.map	죽음의마을1
maps/죽음의마을/죽음의마을.txt	죽음의마을2	100680	db/maps/죽음의마을/maps/lod0003.map	죽음의마을2
maps/죽음의마을/죽음의마을.txt	죽음의마을3	100681	db/maps/죽음의마을/maps/lod0004.map	죽음의마을3
maps/죽음의마을/죽음의마을.txt	죽음의마을4	100682	db/maps/죽음의마을/maps/lod0005.map	죽음의마을4
maps/죽음의마을/죽음의마을.txt	죽음의마을입구5	100683	db/maps/죽음의마을/maps/lod2052.map	죽음의마을입구5
maps/지하수로/지하수로.txt	승급던젼	100684	db/maps/지하수로/maps/lod284.map	승급던젼
maps/지하수로/지하수로.txt	지하수로D-1	100685	db/maps/지하수로/maps/lod7550.map	지하수로D-1
maps/지하수로/지하수로.txt	지하수로D-2	100686	db/maps/지하수로/maps/lod7555.map	지하수로D-2
maps/지하수로/지하수로.txt	지하수로D-3	100687	db/maps/지하수로/maps/lod7556.map	지하수로D-3
maps/지하수로/지하수로.txt	지하수로D-4	100688	db/maps/지하수로/maps/lod7571.map	지하수로D-4
maps/지하수로/지하수로.txt	지하수로D-5	100689	db/maps/지하수로/maps/lod7572.map	지하수로D-5
maps/카스마늄광산/카스마늄광산.txt	카스마늄광산진입로	100690	db/maps/카스마늄광산/maps/lod624.map	카스마늄광산진입로
maps/카스마늄광산/카스마늄광산.txt	카스마늄제1-1갱도	100691	db/maps/카스마늄광산/maps/lod2100.map	카스마늄제1-1갱도
maps/카스마늄광산/카스마늄광산.txt	카스마늄제1-2갱도	100692	db/maps/카스마늄광산/maps/lod2101.map	카스마늄제1-2갱도
maps/카스마늄광산/카스마늄광산.txt	카스마늄제1-3갱도	100693	db/maps/카스마늄광산/maps/lod2102.map	카스마늄제1-3갱도
maps/카스마늄광산/카스마늄광산.txt	카스마늄제1광산	100694	db/maps/카스마늄광산/maps/lod661.map	카스마늄제1광산
maps/카스마늄광산/카스마늄광산.txt	카스마늄제1광산입구	100695	db/maps/카스마늄광산/maps/lod660.map	카스마늄제1광산입구
maps/크리스마스마을/크리스마스마을.txt	루돌프사육장	100696	db/maps/크리스마스마을/maps/lod7054.map	루돌프사육장
maps/크리스마스마을/크리스마스마을.txt	마운틴메리1-1	100697	db/maps/크리스마스마을/maps/lod7062.map	마운틴메리1-1
maps/크리스마스마을/크리스마스마을.txt	마운틴메리1-2	100698	db/maps/크리스마스마을/maps/lod7063.map	마운틴메리1-2
maps/크리스마스마을/크리스마스마을.txt	마운틴메리1-3	100699	db/maps/크리스마스마을/maps/lod7064.map	마운틴메리1-3
maps/크리스마스마을/크리스마스마을.txt	마운틴메리2-1	100700	db/maps/크리스마스마을/maps/lod7062.map	마운틴메리2-1
maps/크리스마스마을/크리스마스마을.txt	마운틴메리2-2	100701	db/maps/크리스마스마을/maps/lod7063.map	마운틴메리2-2
maps/크리스마스마을/크리스마스마을.txt	마운틴메리2-3	100702	db/maps/크리스마스마을/maps/lod7064.map	마운틴메리2-3
maps/크리스마스마을/크리스마스마을.txt	마운틴메리3-1	100703	db/maps/크리스마스마을/maps/lod7062.map	마운틴메리3-1
maps/크리스마스마을/크리스마스마을.txt	마운틴메리3-2	100704	db/maps/크리스마스마을/maps/lod7063.map	마운틴메리3-2
maps/크리스마스마을/크리스마스마을.txt	마운틴메리3-3	100705	db/maps/크리스마스마을/maps/lod7064.map	마운틴메리3-3
maps/크리스마스마을/크리스마스마을.txt	마운틴메리4-1	100706	db/maps/크리스마스마을/maps/lod7065.map	마운틴메리4-1
maps/크리스마스마을/크리스마스마을.txt	마운틴메리4-2	100707	db/maps/크리스마스마을/maps/lod7061.map	마운틴메리4-2
maps/크리스마스마을/크리스마스마을.txt	마운틴메리4-3	100708	db/maps/크리스마스마을/maps/lod7067.map	마운틴메리4-3
maps/크리스마스마을/크리스마스마을.txt	산타클로스의방	100709	db/maps/크리스마스마을/maps/lod7052.map	산타클로스의방
maps/크리스마스마을/크리스마스마을.txt	스키장리프트대기실	100710	db/maps/크리스마스마을/maps/lod7055.map	스키장리프트대기실
maps/크리스마스마을/크리스마스마을.txt	크리스마스마을	100711	db/maps/크리스마스마을/maps/lod7050.map	크리스마스마을
maps/크리스마스마을/크리스마스마을.txt	크리스마스선물공장	100712	db/maps/크리스마스마을/maps/lod7051.map	크리스마스선물공장
maps/크리스마스마을/크리스마스마을.txt	크리스마스요정의방	100713	db/maps/크리스마스마을/maps/lod7053.map	크리스마스요정의방
maps/호러캐슬/호러캐슬.txt	호러캐슬1	100714	db/maps/호러캐슬/maps/lod0001.map	호러캐슬1
maps/호러캐슬/호러캐슬.txt	호러캐슬2층-1	100715	db/maps/호러캐슬/maps/lod6801.map	호러캐슬2층-1
maps/호러캐슬/호러캐슬.txt	호러캐슬2층-2	100716	db/maps/호러캐슬/maps/lod6802.map	호러캐슬2층-2
maps/호러캐슬/호러캐슬.txt	호러캐슬2층-3	100717	db/maps/호러캐슬/maps/lod6803.map	호러캐슬2층-3
maps/호러캐슬/호러캐슬.txt	호러캐슬동쪽복도	100718	db/maps/호러캐슬/maps/lod6005.map	호러캐슬동쪽복도
maps/호러캐슬/호러캐슬.txt	호러캐슬메인홀	100719	db/maps/호러캐슬/maps/lod6002.map	호러캐슬메인홀
maps/호러캐슬/호러캐슬.txt	호러캐슬서쪽복도	100720	db/maps/호러캐슬/maps/lod6003.map	호러캐슬서쪽복도
maps/호러캐슬/호러캐슬.txt	호러캐슬중앙복도	100721	db/maps/호러캐슬/maps/lod6004.map	호러캐슬중앙복도
maps/혼돈의탑/혼돈의탑.txt	혼돈의탑10층1	100722	db/maps/혼돈의탑/maps/lod0001.map	혼돈의탑10층1
maps/혼돈의탑/혼돈의탑.txt	혼돈의탑10층2	100723	db/maps/혼돈의탑/maps/lod0001.map	혼돈의탑10층2
maps/혼돈의탑/혼돈의탑.txt	혼돈의탑10층3	100724	db/maps/혼돈의탑/maps/lod0001.map	혼돈의탑10층3
maps/혼돈의탑/혼돈의탑.txt	혼돈의탑10층4	100725	db/maps/혼돈의탑/maps/lod0001.map	혼돈의탑10층4
maps/혼돈의탑/혼돈의탑.txt	혼돈의탑10층5	100726	db/maps/혼돈의탑/maps/lod0001.map	혼돈의탑10층5
maps/혼돈의탑/혼돈의탑.txt	혼돈의탑11층1	100727	db/maps/혼돈의탑/maps/lod0001.map	혼돈의탑11층1
maps/혼돈의탑/혼돈의탑.txt	혼돈의탑11층2	100728	db/maps/혼돈의탑/maps/lod0001.map	혼돈의탑11층2
maps/혼돈의탑/혼돈의탑.txt	혼돈의탑11층3	100729	db/maps/혼돈의탑/maps/lod0001.map	혼돈의탑11층3
maps/혼돈의탑/혼돈의탑.txt	혼돈의탑11층4	100730	db/maps/혼돈의탑/maps/lod0001.map	혼돈의탑11층4
maps/혼돈의탑/혼돈의탑.txt	혼돈의탑11층5	100731	db/maps/혼돈의탑/maps/lod0001.map	혼돈의탑11층5
maps/혼돈의탑/혼돈의탑.txt	혼돈의탑12층1	100732	db/maps/혼돈의탑/maps/lod0001.map	혼돈의탑12층1
maps/혼돈의탑/혼돈의탑.txt	혼돈의탑12층2	100733	db/maps/혼돈의탑/maps/lod0001.map	혼돈의탑12층2
maps/혼돈의탑/혼돈의탑.txt	혼돈의탑12층3	100734	db/maps/혼돈의탑/maps/lod0001.map	혼돈의탑12층3
maps/혼돈의탑/혼돈의탑.txt	혼돈의탑12층4	100735	db/maps/혼돈의탑/maps/lod0001.map	혼돈의탑12층4
maps/혼돈의탑/혼돈의탑.txt	혼돈의탑12층5	100736	db/maps/혼돈의탑/maps/lod0001.map	혼돈의탑12층5
maps/혼돈의탑/혼돈의탑.txt	혼돈의탑13층1	100737	db/maps/혼돈의탑/maps/lod0001.map	혼돈의탑13층1
maps/혼돈의탑/혼돈의탑.txt	혼돈의탑13층2	100738	db/maps/혼돈의탑/maps/lod0001.map	혼돈의탑13층2
maps/혼돈의탑/혼돈의탑.txt	혼돈의탑13층3	100739	db/maps/혼돈의탑/maps/lod0001.map	혼돈의탑13층3
maps/혼돈의탑/혼돈의탑.txt	혼돈의탑13층4	100740	db/maps/혼돈의탑/maps/lod0001.map	혼돈의탑13층4
maps/혼돈의탑/혼돈의탑.txt	혼돈의탑13층5	100741	db/maps/혼돈의탑/maps/lod0001.map	혼돈의탑13층5
maps/혼돈의탑/혼돈의탑.txt	혼돈의탑14층1	100742	db/maps/혼돈의탑/maps/lod0001.map	혼돈의탑14층1
maps/혼돈의탑/혼돈의탑.txt	혼돈의탑14층2	100743	db/maps/혼돈의탑/maps/lod0001.map	혼돈의탑14층2
maps/혼돈의탑/혼돈의탑.txt	혼돈의탑14층3	100744	db/maps/혼돈의탑/maps/lod0001.map	혼돈의탑14층3
maps/혼돈의탑/혼돈의탑.txt	혼돈의탑14층4	100745	db/maps/혼돈의탑/maps/lod0001.map	혼돈의탑14층4
maps/혼돈의탑/혼돈의탑.txt	혼돈의탑14층5	100746	db/maps/혼돈의탑/maps/lod0001.map	혼돈의탑14층5
maps/혼돈의탑/혼돈의탑.txt	혼돈의탑1층1	100747	db/maps/혼돈의탑/maps/lod0001.map	혼돈의탑1층1
maps/혼돈의탑/혼돈의탑.txt	혼돈의탑1층2	100748	db/maps/혼돈의탑/maps/lod0001.map	혼돈의탑1층2
maps/혼돈의탑/혼돈의탑.txt	혼돈의탑1층3	100749	db/maps/혼돈의탑/maps/lod0001.map	혼돈의탑1층3
maps/혼돈의탑/혼돈의탑.txt	혼돈의탑1층4	100750	db/maps/혼돈의탑/maps/lod0001.map	혼돈의탑1층4
maps/혼돈의탑/혼돈의탑.txt	혼돈의탑1층5	100751	db/maps/혼돈의탑/maps/lod0001.map	혼돈의탑1층5
maps/혼돈의탑/혼돈의탑.txt	혼돈의탑2층1	100752	db/maps/혼돈의탑/maps/lod0001.map	혼돈의탑2층1
maps/혼돈의탑/혼돈의탑.txt	혼돈의탑2층2	100753	db/maps/혼돈의탑/maps/lod0001.map	혼돈의탑2층2
maps/혼돈의탑/혼돈의탑.txt	혼돈의탑2층3	100754	db/maps/혼돈의탑/maps/lod0001.map	혼돈의탑2층3
maps/혼돈의탑/혼돈의탑.txt	혼돈의탑2층4	100755	db/maps/혼돈의탑/maps/lod0001.map	혼돈의탑2층4
maps/혼돈의탑/혼돈의탑.txt	혼돈의탑2층5	100756	db/maps/혼돈의탑/maps/lod0001.map	혼돈의탑2층5
maps/혼돈의탑/혼돈의탑.txt	혼돈의탑3층1	100757	db/maps/혼돈의탑/maps/lod0001.map	혼돈의탑3층1
maps/혼돈의탑/혼돈의탑.txt	혼돈의탑3층2	100758	db/maps/혼돈의탑/maps/lod0001.map	혼돈의탑3층2
maps/혼돈의탑/혼돈의탑.txt	혼돈의탑3층3	100759	db/maps/혼돈의탑/maps/lod0001.map	혼돈의탑3층3
maps/혼돈의탑/혼돈의탑.txt	혼돈의탑3층4	100760	db/maps/혼돈의탑/maps/lod0001.map	혼돈의탑3층4
maps/혼돈의탑/혼돈의탑.txt	혼돈의탑3층5	100761	db/maps/혼돈의탑/maps/lod0001.map	혼돈의탑3층5
maps/혼돈의탑/혼돈의탑.txt	혼돈의탑4층1	100762	db/maps/혼돈의탑/maps/lod0001.map	혼돈의탑4층1
maps/혼돈의탑/혼돈의탑.txt	혼돈의탑4층2	100763	db/maps/혼돈의탑/maps/lod0001.map	혼돈의탑4층2
maps/혼돈의탑/혼돈의탑.txt	혼돈의탑4층3	100764	db/maps/혼돈의탑/maps/lod0001.map	혼돈의탑4층3
maps/혼돈의탑/혼돈의탑.txt	혼돈의탑4층4	100765	db/maps/혼돈의탑/maps/lod0001.map	혼돈의탑4층4
maps/혼돈의탑/혼돈의탑.txt	혼돈의탑4층5	100766	db/maps/혼돈의탑/maps/lod0001.map	혼돈의탑4층5
maps/혼돈의탑/혼돈의탑.txt	혼돈의탑5층1	100767	db/maps/혼돈의탑/maps/lod0001.map	혼돈의탑5층1
maps/혼돈의탑/혼돈의탑.txt	혼돈의탑5층2	100768	db/maps/혼돈의탑/maps/lod0001.map	혼돈의탑5층2
maps/혼돈의탑/혼돈의탑.txt	혼돈의탑5층3	100769	db/maps/혼돈의탑/maps/lod0001.map	혼돈의탑5층3
maps/혼돈의탑/혼돈의탑.txt	혼돈의탑5층4	100770	db/maps/혼돈의탑/maps/lod0001.map	혼돈의탑5층4
maps/혼돈의탑/혼돈의탑.txt	혼돈의탑5층5	100771	db/maps/혼돈의탑/maps/lod0001.map	혼돈의탑5층5
maps/혼돈의탑/혼돈의탑.txt	혼돈의탑6층1	100772	db/maps/혼돈의탑/maps/lod0001.map	혼돈의탑6층1
maps/혼돈의탑/혼돈의탑.txt	혼돈의탑6층2	100773	db/maps/혼돈의탑/maps/lod0001.map	혼돈의탑6층2
maps/혼돈의탑/혼돈의탑.txt	혼돈의탑6층3	100774	db/maps/혼돈의탑/maps/lod0001.map	혼돈의탑6층3
maps/혼돈의탑/혼돈의탑.txt	혼돈의탑6층4	100775	db/maps/혼돈의탑/maps/lod0001.map	혼돈의탑6층4
maps/혼돈의탑/혼돈의탑.txt	혼돈의탑6층5	100776	db/maps/혼돈의탑/maps/lod0001.map	혼돈의탑6층5
maps/혼돈의탑/혼돈의탑.txt	혼돈의탑7층1	100777	db/maps/혼돈의탑/maps/lod0001.map	혼돈의탑7층1
maps/혼돈의탑/혼돈의탑.txt	혼돈의탑7층2	100778	db/maps/혼돈의탑/maps/lod0001.map	혼돈의탑7층2
maps/혼돈의탑/혼돈의탑.txt	혼돈의탑7층3	100779	db/maps/혼돈의탑/maps/lod0001.map	혼돈의탑7층3
maps/혼돈의탑/혼돈의탑.txt	혼돈의탑7층4	100780	db/maps/혼돈의탑/maps/lod0001.map	혼돈의탑7층4
maps/혼돈의탑/혼돈의탑.txt	혼돈의탑7층5	100781	db/maps/혼돈의탑/maps/lod0001.map	혼돈의탑7층5
maps/혼돈의탑/혼돈의탑.txt	혼돈의탑8층1	100782	db/maps/혼돈의탑/maps/lod0001.map	혼돈의탑8층1
maps/혼돈의탑/혼돈의탑.txt	혼돈의탑8층2	100783	db/maps/혼돈의탑/maps/lod0001.map	혼돈의탑8층2
maps/혼돈의탑/혼돈의탑.txt	혼돈의탑8층3	100784	db/maps/혼돈의탑/maps/lod0001.map	혼돈의탑8층3
maps/혼돈의탑/혼돈의탑.txt	혼돈의탑8층4	100785	db/maps/혼돈의탑/maps/lod0001.map	혼돈의탑8층4
maps/혼돈의탑/혼돈의탑.txt	혼돈의탑8층5	100786	db/maps/혼돈의탑/maps/lod0001.map	혼돈의탑8층5
maps/혼돈의탑/혼돈의탑.txt	혼돈의탑9층1	100787	db/maps/혼돈의탑/maps/lod0001.map	혼돈의탑9층1
maps/혼돈의탑/혼돈의탑.txt	혼돈의탑9층2	100788	db/maps/혼돈의탑/maps/lod0001.map	혼돈의탑9층2
maps/혼돈의탑/혼돈의탑.txt	혼돈의탑9층3	100789	db/maps/혼돈의탑/maps/lod0001.map	혼돈의탑9층3
maps/혼돈의탑/혼돈의탑.txt	혼돈의탑9층4	100790	db/maps/혼돈의탑/maps/lod0001.map	혼돈의탑9층4
maps/혼돈의탑/혼돈의탑.txt	혼돈의탑9층5	100791	db/maps/혼돈의탑/maps/lod0001.map	혼돈의탑9층5
maps/혼돈의탑/혼돈의탑.txt	혼돈의탑대기실	100792	db/maps/혼돈의탑/maps/lod0001.map	혼돈의탑대기실
maps/히야트/히야트.txt	히야트던전A-1	100793	db/maps/히야트/maps/lod11101.map	히야트던전A-1
maps/히야트/히야트.txt	히야트던전A-2	100794	db/maps/히야트/maps/lod11102.map	히야트던전A-2
maps/히야트/히야트.txt	히야트던전A-3	100795	db/maps/히야트/maps/lod11103.map	히야트던전A-3
maps/히야트/히야트.txt	히야트던전A-4	100796	db/maps/히야트/maps/lod11104.map	히야트던전A-4
